Workbook

Sheet Read Me
A1: Alex West - underground pipe construction sequence and methodology
A2: Prepared 22 Oct 2026 by Claude for Mohamed. Planning workbook: not a design, temporary-works or construction approval.
A4: What it is
A5: A sequence, methodology and logic-linked activity programme for the 201 pipe packages (45 lines) of the v3 package workbook, re-checked for groundwater at -1.50 and with every pipe carried on piles and a piled slab.
A6: Inputs used
A7: 1. Alex-West-Pipe-Execution-Packages-All-Lines.xlsx (v3, 21 Oct 2026): packages, pieces, levels, nearest structures and piles, holds, sequence notes.
A8: 2. Alex-West-Combined-Coordination.blend (19 Oct 2026): aeration pile status for 3,672 piles (data date 17 Oct 2026), agreed aeration piling zone order, recorded weekly piling production, structure register (stage and open gaps). Check: pile counts near UG-02-S03 reproduce the package workbook (31 within 15 m, 18 pending).
A9: 3. Decisions (Mohamed, 22 Oct 2026): groundwater level -1.50; all pipes need piles and foundations; shoring where needed.
A10: 4. The web viewer link could not be opened from this environment (host blocked); the .blend file was used instead.
A11: Sheets
A12: Methodology - step-by-step method, plant, hold points and the sequencing rules.
A13: Inputs - levels, groundwater, slopes, pile layout, gates and productivity (yellow = edit).
... A30: Blue text = input or source data; black = formula; green = formula pulling from another sheet; yellow fill = edit.

Sheet Methodology
A1: Construction methodology - buried GRP / HDPE pipes on piled slabs, groundwater at -1.50
A2: Planning methodology for sequencing and resourcing. Not a temporary-works design or a method statement for approval.
A4: Step | B4: Activity (code) | C4: Method | D4: Plant / crew | E4: Hold points and checks | F4: Quantity / duration basis
A5: 1 | B5: Release (A010) | C5: Package released only when: DLU-002 approved (Rev 03 is Issued for Approval); pile and slab design approved; the connected structure is ready for tie-in packages; aeration piling in the adjacent zone is complete where open aeration piles are within 15 m; unassigned crossing pipes identified (UG-01-S02, UG-02-S04, UG-03-S03). | D5: Planning / engineering | E5: IFC drawing; pile design; permit to dig; structure handover certificate; aeration zone piling complete. | F5: Gates on Inputs, Structures and Aeration sheets.
A6: 2 | B6: Set-out and working platform (A020) | C6: Survey pipe axis, slab edges, pile positions and sheet lines. Trial pits / scanning at every crossing listed on Packages. Granular working platform at NG for piling rigs and cranes on very soft clay; platform designed for rig track pressure. | D6: Survey team, dozer, roller | E6: Platform bearing check (plate test) before rig access. | F6: Plan length / R_PLAT.
A7: 3 | B7: Pipe-support piling (A030) | C7: All pipes are carried on piles and a piled slab. Install piles from the platform at NG BEFORE excavation (CFA or bored, 600 mm assumed), concreting to above cut-off and leaving the empty-bore length to the slab soffit. Rigs follow the front order; near structures and aeration piles keep the agreed clearances. | D7: 1-2 rigs per front (Fronts sheet); site actual 5.4 piles / rig / day, 5.0 used | E7: Pile records, integrity tests on every pile, preliminary load test before production. | F7: Piles = (length / PILE_SP + 1) x piles per row - placeholder until pile design.
A8: 4 | B8: Sheet piles (A040) | C8: Where the Piece check says sheet piles (open cut does not fit beside a structure / pile, or excavation is deeper than MAXOC below GWL): install interlocking steel sheets both sides after piling, with a toe in the soft clay for cut-off and base stability. Press-in (silent) method within 10 m of structures and fresh piles to limit vibration. | D8: Sheet pile gang with vibro / press-in rig and crane | E8: Temporary works design: embedment, struts, base heave, hydraulic cut-off. | F8: Wall = 2 x shored length; sheet length = depth x SHEET_RATIO.
A9: 5 | B9: Dewatering (A050) | C9: Groundwater at -1.50 and excavation bottoms down to -7.6 (199 of 201 packages below GWL, up to 6.1 m) mean almost every package is dewatered. Wellpoints along the trench to 0.5 m below formation; deep wells or two-stage wellpoints where drawdown exceeds 4.5 m. Draw down for at least DW_DRAW days before excavation. Monitor levels next to existing structures and fresh piles (settlement / negative skin friction). | D9: Dewatering subcontractor, standby pumps and power | E9: Piezometers; settlement markers on structures within 15 m; discharge permit and silt treatment. | F9: Drawdown = GWL - (R - DD_BELOW); method on Packages.
A10: 6 | B10: Excavation and strutting (A060) | C10: Excavate in layers, installing walings and struts as each level is reached. Keep the excavator off the edge in soft clay; stockpile away from the trench. Excavate evenly around the installed piles so they are not pushed sideways. Deeper lines are excavated, laid and backfilled before a shallower line in the same corridor; lines in a shared trench are opened together. | D10: Long-reach excavator / clamshell, trucks | E10: Formation inspection; pile head exposure survey; strut loads. | F10: Shored m3 / R_EXS + open-cut m3 / R_EXO.
A11: 7 | B11: Piled slab (A070) | C11: Break down pile heads to cut-off, blinding, reinforcement with pile starter bars, cast the 0.50 m piled slab (pipe cradle or anchor straps cast in where the flotation check needs them). Cure before pipe load. | D11: Concrete gang, pump | E11: Pile head inspection; rebar inspection before pour; cube results. | F11: Length / R_SLAB + SLAB_CURE.
A12: 8 | B12: Pipe laying and jointing (A080) | C12: Lay from the downstream end upwards (gravity lines). GRP: bell and spigot joints with a crane and lifting beam; HDPE: butt fusion off-line, lowered in strings. Fittings and thrust restraint as drawn. Tie-in packages are laid last as the closure to the structure, once the structure is ready. | D12: Pipe crew + crane per front; fusion machine for HDPE | E12: Joint test per joint (GRP); fusion records (HDPE); alignment and level survey. | F12: Length / pipe rate by OD + fittings x FIT_D + TIE_D at tie-ins.
A13: 9 | B13: Surround and testing (A090) | C13: Granular haunch and surround placed and compacted evenly both sides (flexible pipes). Line test by section. | D13: Pipe crew | E13: Deflection check (GRP); hydrostatic / air test. | F13: TEST_D + length / R_TEST.
A14: 10 | B14: Backfill (A100) | C14: Backfill in layers to NG, removing struts progressively as the fill reaches each level. Shared-trench pipes are all laid before backfill starts. Keep dewatering running until the flotation check is met (Packages column "Flotation action"): empty pipes below -1.50 can float. | D14: Excavator, compactors | E14: Compaction tests; flotation check before switching off pumps. | F14: Backfill m3 / R_BF.
A15: 11 | B15: Dewatering off, extract sheets (A110) | C15: Switch off and remove dewatering only after the fill is heavy enough (or the pipe is strapped to the slab). Extract sheet piles slowly, grouting voids near pipes and structures. Reinstate the platform / surface. | D15: Crane with vibro extractor | E15: Survey pipe level after pumps off; settlement monitoring. | F15: Wall m / R_EXT.
B16: Sequencing rules (whole network) | C16: 1) Eight fronts by system (Fronts sheet). A shared-trench corridor that crosses systems is built by one front (the one holding most of its length; 30 packages moved). 2) Within a front: deeper lines first, downstream first; shared-trench packages back to back along the corridor. 3) Deeper-first links between packages within 8 m with excavation bottoms more than 1 m apart. 4) Shared trench (bottoms within 1 m): excavate together, backfill only after all its pipes are laid (6 such holds are site coordination items - see Packages). 5) Set-out runs one package ahead of piling; dewatering is timed so drawdown completes when the excavation crew is free. 6) Tie-ins follow the adjacent run, wait for the structure and close the line. 7) Packages within 15 m of open aeration piles wait for that zone, in the agreed zone order. 8) Pipe piling waits for pile design approval; nothing starts before DLU-002 approval. | E16: Pending decisions: GWL design value confirmation; slope and depth-limit rules; pile layout; structure readiness dates.
B17: Rig planning note | C17: 8 rigs are on aeration piling at about 5.4 piles / rig / working day (measured from the model). 1,587 open aeration piles remain; at that rate they finish around end November 2026 (Aeration sheet). Pipe-support piling (about 5,800 piles on the placeholder layout) peaks at about 13 equivalent rigs in the first months (Programme sheet, row Rigs), so releasing the aeration rigs to the pipe fronts is the natural hand-over.

Sheet Inputs
A1: Inputs - levels, ground, groundwater, piles, programme gates and productivity
A2: Yellow = edit. Every quantity, method flag, duration and date in this workbook recalculates from these cells.
A4: Name | B4: Description | C4: Value | D4: Unit | E4: Source / status
A5: Levels and ground
A6: NG | B6: Adopted natural ground level | C6: -0.7 | D6: m | E6: Package workbook Inputs (D-004, Mohamed 20 Oct 2026). Single site value.
A7: FL | B7: Finished ground level | C7: 1 | D7: m | E7: Package workbook Inputs (D-004; DLU sections FGL +1.00).
A8: GWL | B8: Groundwater level for design of temporary works | C8: -1.5 | D8: m | E8: Mohamed, 22 Oct 2026.
A9: SLAB | B9: Piled slab + blinding below external pipe bottom (excavation bottom R = pipe bottom - SLAB) | C9: 0.5 | D9: m | E9: D-001, user-stated basis. All pipes on piles and a piled slab (Mohamed, 22 Oct 2026). No pile/slab design yet.
A10: SLABOVH | B10: Piled slab overhang beyond pipe outside, each side | C10: 0.5 | D10: m | E10: ASSUMPTION for concrete quantity only.
A11: WS | B11: Working space, pipe outside to trench toe / sheet line | C11: 1 | D11: m | E11: AGREED by Mohamed, 21 Oct 2026.
A12: SLOPE_A | B12: Open-cut side slope above GWL (H per 1 V) | C12: 1.5 | D12: H:V | E12: ASSUMPTION (very soft silty clay). Package workbook value.
A13: SLOPE_B | B13: Open-cut side slope below GWL, dewatered (H per 1 V) | C13: 2 | D13: H:V | E13: ASSUMPTION: flatter below water in soft clay. Geotechnical confirmation needed.
A14: MAXOC | B14: Maximum excavation depth below GWL allowed in open cut (deeper = sheet piles regardless of space) | C14: 2.5 | D14: m | E14: ASSUMPTION: base heave / slope stability limit in soft clay below water. See Sensitivity sheet.
A15: DD_BELOW | B15: Drawdown target below excavation formation | C15: 0.5 | D15: m | E15: Planning rule of thumb.
A16: WP_LIMIT | B16: Maximum drawdown for single-stage wellpoints | C16: 4.5 | D16: m | E16: Planning rule of thumb; deeper needs deep wells / two stages.
A17: GAM_D | B17: Unit weight of backfill above GWL | C17: 18 | D17: kN/m3 | E17: ASSUMPTION.
... A20: FOS_FLOT | B20: Required factor of safety against pipe flotation (empty pipe, pipe weight ignored) | C20: 1.1 | D20: - | E20: Planning check value.
A21: Pipe-support piles and sheet piles (no pile design available - layout is a planning placeholder)
A22: PILE_SP | B22: Longitudinal spacing of pile rows under the pipe slab | C22: 3 | D22: m | E22: ASSUMPTION - replace with pile design.
A23: PILE_THR | B23: Outside diameter at or above which two piles per row are used | C23: 1 | D23: m | E23: ASSUMPTION.
A24: PILE_N_SMALL | B24: Piles per row below the threshold | C24: 1 | D24: no. | E24: ASSUMPTION.
A25: PILE_N_LARGE | B25: Piles per row at or above the threshold | C25: 2 | D25: no. | E25: ASSUMPTION.
A26: SHEET_RATIO | B26: Sheet pile length / excavation depth from NG (embedment in soft clay) | C26: 2 | D26: - | E26: ASSUMPTION - temporary works design to confirm.
A27: Programme gates and calendar
A28: START | B28: Pipe works mobilisation (earliest start of any package) | C28: 46357 | D28: date | E28: EXAMPLE - replace with the planned mobilisation date.
A29: D_DLU | B29: DLU-002 approved / IFC (Rev 03 is Issued for Approval) | C29: 46357 | D29: date | E29: Not yet known - currently equal to START (not constraining). Enter the forecast approval date.
A30: D_PILEDES | B30: Pipe pile and slab design approved | C30: 46357 | D30: date | E30: Not yet known - currently equal to START (not constraining). Gates all pipe piling.
A31: D_XING | B31: Unassigned crossing pipes P0114 / P0117 / P0279 identified | C31: 46357 | D31: date | E31: Not yet known - gates excavation of UG-01-S02, UG-02-S04, UG-03-S03.
A32: WD | B32: Working days per week | C32: 6 | D32: days | E32: Site calendar Sat-Thu (calendar days = working days x 7 / WD).
A33: LADDER | B33: Overlap within a package: successor starts after this share of its predecessor | C33: 0.3 | D33: - | E33: Planning rule (start-to-start ladder). 1.0 = finish-to-start.
A34: FFLAG | B34: Finish-to-finish lag between consecutive activities in a package | C34: 2 | D34: cal. days | E34: Planning rule.
A35: Productivity per crew / rig (per working day)
A36: R_PLAT | B36: Set-out, crossing survey and working platform | C36: 80 | D36: m/day | E36: ASSUMPTION.
A37: R_PILE | B37: Pipe-support piles per rig (600 mm assumed) | C37: 5 | D37: piles/day | E37: Site actual on aeration 600 mm piling = 5.4 (last 4 full weeks, Aeration sheet). 5.0 used for the longer empty bore from NG.
A38: R_SHEET | B38: Sheet pile installation (vibro / press-in near structures) | C38: 25 | D38: m wall/day | E38: ASSUMPTION.
A39: R_DW | B39: Dewatering installation along the trench | C39: 40 | D39: m/day | E39: ASSUMPTION.
A40: DW_DRAW | B40: Drawdown period before excavation | C40: 7 | D40: days | E40: ASSUMPTION - soft silty clay is slow to drain.
A41: R_EXS | B41: Excavation in a strutted sheet-piled trench | C41: 250 | D41: m3/day | E41: ASSUMPTION.
A42: R_EXO | B42: Excavation in dewatered open cut | C42: 450 | D42: m3/day | E42: ASSUMPTION.
A43: R_SLAB | B43: Pile trimming, blinding and piled slab (rebar, form, pour) | C43: 12 | D43: m/day | E43: ASSUMPTION.
A44: SLAB_CURE | B44: Slab cure before pipe loading | C44: 3 | D44: days | E44: ASSUMPTION.
A45: R_PIPE_L | B45: Pipe laying, outside diameter >= PIPE_T1 | C45: 20 | D45: m/day | E45: ASSUMPTION.
A46: R_PIPE_M | B46: Pipe laying, PIPE_T2 <= outside diameter < PIPE_T1 | C46: 30 | D46: m/day | E46: ASSUMPTION.
A47: R_PIPE_S | B47: Pipe laying, outside diameter < PIPE_T2 | C47: 40 | D47: m/day | E47: ASSUMPTION.
... A55: R_EXT | B55: Sheet pile extraction | C55: 50 | D55: m wall/day | E55: ASSUMPTION.

Sheet Aeration
A1: Aeration piling status and zone forecast (from the 3D model)
A2: Source: Alex-West-Combined-Coordination.blend, scene "AW-AER Piles Actual - 2026-10-18"; tracking data date 17 Oct 2026. Done = recorded execution, not acceptance. Agreed piling order (18 Oct 2026): Zones 1, 2, 3, then 5 and 4 together, then 6, then 7, then 8.
A4: Zone | B4: Group order | C4: Done | D4: Pending | E4: Defect | F4: Unknown | G4: Open piles to complete (pending + defect) | H4: Cumulative open piles in agreed order | I4: Forecast zone piling complete | J4: Pipe packages gated
A5: 1 | B5: 1 | C5: 470 | D5: 6 | E5: 2 | F5: 0 | G5: =D5+E5 -> 8 | H5: =SUMIFS($G$5:$G$12,$B$5:$B$12,"<="&B5) -> 8 | I5: =AER_DATA+ROUNDUP(H5/(AER_RIGS*AER_RATE)*7/WD,0) -> 46313 | J5: 0
A6: 2 | B6: 2 | C6: 518 | D6: 41 | E6: 2 | F6: 3 | G6: =D6+E6 -> 43 | H6: =SUMIFS($G$5:$G$12,$B$5:$B$12,"<="&B6) -> 51 | I6: =AER_DATA+ROUNDUP(H6/(AER_RIGS*AER_RATE)*7/WD,0) -> 46314 | J6: 0
A7: 3 | B7: 3 | C7: 248 | D7: 236 | E7: 2 | F7: 0 | G7: =D7+E7 -> 238 | H7: =SUMIFS($G$5:$G$12,$B$5:$B$12,"<="&B7) -> 289 | I7: =AER_DATA+ROUNDUP(H7/(AER_RIGS*AER_RATE)*7/WD,0) -> 46320 | J7: 3
A8: 4 | B8: 4 | C8: 221 | D8: 337 | E8: 3 | F8: 0 | G8: =D8+E8 -> 340 | H8: =SUMIFS($G$5:$G$12,$B$5:$B$12,"<="&B8) -> 770 | I8: =AER_DATA+ROUNDUP(H8/(AER_RIGS*AER_RATE)*7/WD,0) -> 46333 | J8: 1
A9: 5 | B9: 4 | C9: 223 | D9: 137 | E9: 4 | F9: 0 | G9: =D9+E9 -> 141 | H9: =SUMIFS($G$5:$G$12,$B$5:$B$12,"<="&B9) -> 770 | I9: =AER_DATA+ROUNDUP(H9/(AER_RIGS*AER_RATE)*7/WD,0) -> 46333 | J9: 2
A10: 6 | B10: 5 | C10: 134 | D10: 279 | E10: 5 | F10: 0 | G10: =D10+E10 -> 284 | H10: =SUMIFS($G$5:$G$12,$B$5:$B$12,"<="&B10) -> 1054 | I10: =AER_DATA+ROUNDUP(H10/(AER_RIGS*AER_RATE)*7/WD,0) -> 46341 | J10: 0
A11: 7 | B11: 6 | C11: 121 | D11: 296 | E11: 1 | F11: 0 | G11: =D11+E11 -> 297 | H11: =SUMIFS($G$5:$G$12,$B$5:$B$12,"<="&B11) -> 1351 | I11: =AER_DATA+ROUNDUP(H11/(AER_RIGS*AER_RATE)*7/WD,0) -> 46349 | J11: 2
A12: 8 | B12: 7 | C12: 144 | D12: 236 | E12: 0 | F12: 3 | G12: =D12+E12 -> 236 | H12: =SUMIFS($G$5:$G$12,$B$5:$B$12,"<="&B12) -> 1587 | I12: =AER_DATA+ROUNDUP(H12/(AER_RIGS*AER_RATE)*7/WD,0) -> 46355 | J12: 3
A13: Total | C13: =SUM(C5:C12) -> 2079 | D13: =SUM(D5:D12) -> 1568 | E13: =SUM(E5:E12) -> 19 | F13: =SUM(F5:F12) -> 6 | G13: =SUM(G5:G12) -> 1587
A15: Production basis
A16: AER_DATA | B16: Tracking data date | G16: 46312 | H16: From model properties (Tracking_Data_Date).
A17: AER_RIGS | B17: Rigs assumed to stay on aeration piling | G17: 8 | H17: Model: 8 rigs active in the last two recorded weeks. Edit if rigs move to pipe piling earlier.
A18: AER_ACT | B18: Actual rate, last 4 full weeks (piles per rig per working day) | G18: =SUM(B31:B34)/SUM(C31:C34)/WD -> 5.4285714 | H18: Formula from the weekly table below.
A19: AER_OVR | B19: Override rate (blank = use actual) | H19: Optional.
A20: AER_RATE | B20: Rate used for the forecast | G20: =IF(AER_OVR="",AER_ACT,AER_OVR) -> 5.4285714
A23: Recorded production by week (from execution dates on the pile objects)
A24: Week from | B24: Piles executed | C24: Rigs active | D24: Piles / rig / working day
A25: 46237 | B25: 4 | C25: 2 | D25: =B25/C25/WD -> 0.33333333
A26: 46244 | B26: 46 | C26: 3 | D26: =B26/C26/WD -> 2.5555556
A27: 46251 | B27: 123 | C27: 5 | D27: =B27/C27/WD -> 4.1
A28: 46258 | B28: 210 | C28: 7 | D28: =B28/C28/WD -> 5
A29: 46265 | B29: 146 | C29: 7 | D29: =B29/C29/WD -> 3.4761905
A30: 46272 | B30: 229 | C30: 8 | D30: =B30/C30/WD -> 4.7708333
A31: 46279 | B31: 323 | C31: 9 | D31: =B31/C31/WD -> 5.9814815
A32: 46286 | B32: 316 | C32: 9 | D32: =B32/C32/WD -> 5.8518519
A33: 46293 | B33: 246 | C33: 9 | D33: =B33/C33/WD -> 4.5555556
A34: 46300 | B34: 255 | C34: 8 | D34: =B34/C34/WD -> 5.3125
A35: 46307 | B35: 200 | C35: 8 | D35: =B35/C35/WD -> 4.1666667 | E35: Week to data date (17 Oct) - may be partial; excluded from the rate.

Sheet Structures
A1: Structure readiness for pipe tie-ins
A2: Yellow = enter the date each structure is ready for a pipe tie-in (wall and penetration built, its excavation backfilled to pipe zone). Blank = not constraining. The 3D model holds no construction progress for these structures (only aeration piles), so these dates must come from the master programme.
A4: Code | B4: Structure | C4: In 3D model | D4: Model stage (manifest 19 Oct 2026) | E4: Open gaps (manifest) | F4: Ready for tie-in (date) | G4: Tie-in packages | H4: Date used
A5: AER | B5: aeration tank | C5: Yes | D5: Structural reconstruction | E5: Reconcile new CGD/calculation and held features | G5: 3 | H5: =IF(F5="",0,F5) -> 0
A6: CCT | B6: chlorine contact tank | C6: Yes | D6: Civil Guide Rev01 coordination reconstruction | E6: Guide structure; OP01/floor discrepancy; consultant comments and common datum / interfaces unverified | G6: 8 | H6: =IF(F6="",0,F6) -> 0
A7: FSTA | B7: FST A | C7: Yes | D7: Typical structural instance | E7: Tank-specific attachments, structural applicability and penetration ports | G7: 3 | H7: =IF(F7="",0,F7) -> 0
A8: FSTB | B8: FST B | C8: Yes | D8: Typical structural instance | E8: Tank-specific attachments, structural applicability and penetration ports | G8: 3 | H8: =IF(F8="",0,F8) -> 0
A9: FSTC | B9: FST C | C9: Yes | D9: Typical structural instance | E9: Tank-specific attachments, structural applicability and penetration ports | G9: 3 | H9: =IF(F9="",0,F9) -> 0
A10: FSTD | B10: FST D | C10: Yes | D10: Typical structural instance | E10: Tank-specific attachments, structural applicability and penetration ports | G10: 3 | H10: =IF(F10="",0,F10) -> 0
A11: FSTE | B11: FST E | C11: Yes | D11: Typical structural instance | E11: Tank-specific attachments, structural applicability and penetration ports | G11: 3 | H11: =IF(F11="",0,F11) -> 0
A12: FSTF | B12: FST F | C12: Yes | D12: Typical structural instance | E12: Tank-specific attachments, structural applicability and penetration ports | G12: 3 | H12: =IF(F12="",0,F12) -> 0
A13: FSTG | B13: FST G | C13: Yes | D13: Typical structural instance | E13: Tank-specific attachments, structural applicability and penetration ports | G13: 3 | H13: =IF(F13="",0,F13) -> 0
A14: FSTH | B14: FST H | C14: Yes | D14: Typical structural instance | E14: Tank-specific attachments, structural applicability and penetration ports | G14: 3 | H14: =IF(F14="",0,F14) -> 0
A15: FSTI | B15: FST I | C15: Yes | D15: Typical structural instance | E15: Tank-specific attachments, structural applicability and penetration ports | G15: 3 | H15: =IF(F15="",0,F15) -> 0
A16: FSTJ | B16: FST J | C16: Yes | D16: Typical structural instance | E16: Tank-specific attachments, structural applicability and penetration ports | G16: 6 | H16: =IF(F16="",0,F16) -> 0
... A27: WFT | B27: fire & service water structure (AW-FIRE) | C27: Yes | D27: Civil Guide Rev00 coordination reconstruction | E27: Revise and Resubmit; hydraulic/penstock/vendor/structural review comments remain open | G27: 7 | H27: =IF(F27="",0,F27) -> 0
A28: WPD | B28: WAS pre-dewatering building | C28: Yes | G28: 1 | H28: =IF(F28="",0,F28) -> 0
A29: BYPCH | B29: overflow bypass chamber (not modelled) | C29: No | D29: Not in master - tie-in position not checked | G29: 0 | H29: =IF(F29="",0,F29) -> 0
A30: CHUG25 | B30: chamber connecting UG-25 (not modelled) | C30: No | D30: Not in master - tie-in position not checked | G30: 0 | H30: =IF(F30="",0,F30) -> 0
A31: EXPST | B31: existing PST (not modelled) | C31: No | D31: Not in master - tie-in position not checked | G31: 0 | H31: =IF(F31="",0,F31) -> 0
A32: OUTF | B32: outfall chamber (not modelled) | C32: No | D32: Not in master - tie-in position not checked | G32: 0 | H32: =IF(F32="",0,F32) -> 0
A33: TEPS | B33: treated effluent pump station (not modelled) | C33: No | D33: Not in master - tie-in position not checked | G33: 0 | H33: =IF(F33="",0,F33) -> 0

Sheet Fronts
A1: Work fronts and crews
A2: Each front runs its run packages in the order on the Activities sheet (deeper lines first, downstream first). Crew numbers (yellow) divide the durations. Tie-in packages are outside the chains and assume a separate tie-in team when the structure is ready. Moving a line to another front needs a rebuild.
A4: Front | B4: Description | C4: Lines | D4: Packages | E4: Length (m) | F4: Piles (no.) | G4: Shored length (m) | H4: Piling rigs | I4: Sheet pile gangs | J4: Excavation gangs | K4: Slab gangs | L4: Pipe crews | M4: Backfill gangs | N4: Start | O4: Finish | P4: Duration (months)
A5: F1 | B5: Headworks & primary (GRT-PST-IPS) | C5: UG-01, UG-02, UG-03, UG-04 | D5: =COUNTIF(Packages!$C$6:$C$400,A5) -> 15 | E5: =SUMIF(Packages!$C$6:$C$400,A5,Packages!$O$6:$O$400) -> 800.35189 | F5: =SUMIF(Packages!$C$6:$C$400,A5,Packages!$AC$6:$AC$400) -> 569 | G5: =SUMIF(Packages!$C$6:$C$400,A5,Packages!$U$6:$U$400) -> 800.35189 | H5: 1 | I5: 1 | J5: 1 | K5: 1 | L5: 1 | M5: 1 | N5: =_xlfn.MINIFS(Packages!$AL$6:$AL$400,Packages!$C$6:$C$400,A5) -> 46357 | O5: =_xlfn.MAXIFS(Packages!$AM$6:$AM$400,Packages!$C$6:$C$400,A5) -> 46562 | P5: =(O5-N5)/30.4 -> 6.7434211
A6: F2 | B6: Bypass corridor: IPS bypass and outfall twin | C6: UG-05, UG-06, UG-24, UG-25, UG-26 | D6: =COUNTIF(Packages!$C$6:$C$400,A6) -> 14 | E6: =SUMIF(Packages!$C$6:$C$400,A6,Packages!$O$6:$O$400) -> 1724.1875 | F6: =SUMIF(Packages!$C$6:$C$400,A6,Packages!$AC$6:$AC$400) -> 1196 | G6: =SUMIF(Packages!$C$6:$C$400,A6,Packages!$U$6:$U$400) -> 1567.3564 | H6: 2 | I6: 2 | J6: 2 | K6: 2 | L6: 2 | M6: 2 | N6: =_xlfn.MINIFS(Packages!$AL$6:$AL$400,Packages!$C$6:$C$400,A6) -> 46357 | O6: =_xlfn.MAXIFS(Packages!$AM$6:$AM$400,Packages!$C$6:$C$400,A6) -> 46590 | P6: =(O6-N6)/30.4 -> 7.6644737
A7: F3 | B7: Distribution & FCT risers | C7: UG-08, UG-09, UG-10, UG-11B, UG-13A, UG-13B, UG-14E, UG-14F, UG-16B, UG-27J, UG-27K, UG-27L | D7: =COUNTIF(Packages!$C$6:$C$400,A7) -> 30 | E7: =SUMIF(Packages!$C$6:$C$400,A7,Packages!$O$6:$O$400) -> 1094.7783 | F7: =SUMIF(Packages!$C$6:$C$400,A7,Packages!$AC$6:$AC$400) -> 800 | G7: =SUMIF(Packages!$C$6:$C$400,A7,Packages!$U$6:$U$400) -> 648.70858 | H7: 1 | I7: 1 | J7: 1 | K7: 1 | L7: 1 | M7: 1 | N7: =_xlfn.MINIFS(Packages!$AL$6:$AL$400,Packages!$C$6:$C$400,A7) -> 46357 | O7: =_xlfn.MAXIFS(Packages!$AM$6:$AM$400,Packages!$C$6:$C$400,A7) -> 46594 | P7: =(O7-N7)/30.4 -> 7.7960526
A8: F4 | B8: FCT effluent A-H to CCT | C8: UG-07, UG-07A, UG-15, UG-15A | D8: =COUNTIF(Packages!$C$6:$C$400,A8) -> 22 | E8: =SUMIF(Packages!$C$6:$C$400,A8,Packages!$O$6:$O$400) -> 550.58554 | F8: =SUMIF(Packages!$C$6:$C$400,A8,Packages!$AC$6:$AC$400) -> 436 | G8: =SUMIF(Packages!$C$6:$C$400,A8,Packages!$U$6:$U$400) -> 308.43203 | H8: 1 | I8: 1 | J8: 1 | K8: 1 | L8: 1 | M8: 1 | N8: =_xlfn.MINIFS(Packages!$AL$6:$AL$400,Packages!$C$6:$C$400,A8) -> 46357 | O8: =_xlfn.MAXIFS(Packages!$AM$6:$AM$400,Packages!$C$6:$C$400,A8) -> 46621 | P8: =(O8-N8)/30.4 -> 8.6842105
A9: F5 | B9: FCT effluent I-L to CCT | C9: UG-07, UG-11, UG-11B, UG-12, UG-12A | D9: =COUNTIF(Packages!$C$6:$C$400,A9) -> 22 | E9: =SUMIF(Packages!$C$6:$C$400,A9,Packages!$O$6:$O$400) -> 570.56075 | F9: =SUMIF(Packages!$C$6:$C$400,A9,Packages!$AC$6:$AC$400) -> 452 | G9: =SUMIF(Packages!$C$6:$C$400,A9,Packages!$U$6:$U$400) -> 254.19719 | H9: 1 | I9: 1 | J9: 1 | K9: 1 | L9: 1 | M9: 1 | N9: =_xlfn.MINIFS(Packages!$AL$6:$AL$400,Packages!$C$6:$C$400,A9) -> 46357 | O9: =_xlfn.MAXIFS(Packages!$AM$6:$AM$400,Packages!$C$6:$C$400,A9) -> 46648 | P9: =(O9-N9)/30.4 -> 9.5723684
A10: F6 | B10: Sludge A-D,G,H to RAS/WAS + UG-23 | C10: UG-11, UG-11A, UG-11B, UG-14G, UG-14H, UG-16A, UG-16C, UG-16D, UG-23 | D10: =COUNTIF(Packages!$C$6:$C$400,A10) -> 34 | E10: =SUMIF(Packages!$C$6:$C$400,A10,Packages!$O$6:$O$400) -> 1164.3496 | F10: =SUMIF(Packages!$C$6:$C$400,A10,Packages!$AC$6:$AC$400) -> 765 | G10: =SUMIF(Packages!$C$6:$C$400,A10,Packages!$U$6:$U$400) -> 839.94228 | H10: 1 | I10: 1 | J10: 1 | K10: 1 | L10: 1 | M10: 1 | N10: =_xlfn.MINIFS(Packages!$AL$6:$AL$400,Packages!$C$6:$C$400,A10) -> 46357 | O10: =_xlfn.MAXIFS(Packages!$AM$6:$AM$400,Packages!$C$6:$C$400,A10) -> 46607 | P10: =(O10-N10)/30.4 -> 8.2236842
A11: F7 | B11: Sludge I-L,E,F to RAS/WAS | C11: UG-07A, UG-12, UG-13, UG-13A, UG-13B, UG-23, UG-27I | D11: =COUNTIF(Packages!$C$6:$C$400,A11) -> 38 | E11: =SUMIF(Packages!$C$6:$C$400,A11,Packages!$O$6:$O$400) -> 868.09874 | F11: =SUMIF(Packages!$C$6:$C$400,A11,Packages!$AC$6:$AC$400) -> 585 | G11: =SUMIF(Packages!$C$6:$C$400,A11,Packages!$U$6:$U$400) -> 816.15543 | H11: 1 | I11: 1 | J11: 1 | K11: 1 | L11: 1 | M11: 1 | N11: =_xlfn.MINIFS(Packages!$AL$6:$AL$400,Packages!$C$6:$C$400,A11) -> 46357 | O11: =_xlfn.MAXIFS(Packages!$AM$6:$AM$400,Packages!$C$6:$C$400,A11) -> 46606 | P11: =(O11-N11)/30.4 -> 8.1907895
A12: F8 | B12: Effluent, outfall & CCT links | C12: UG-11B, UG-15, UG-15A, UG-17, UG-18, UG-19, UG-20, UG-21, UG-22, UG-28, UG-28A | D12: =COUNTIF(Packages!$C$6:$C$400,A12) -> 26 | E12: =SUMIF(Packages!$C$6:$C$400,A12,Packages!$O$6:$O$400) -> 1378.4556 | F12: =SUMIF(Packages!$C$6:$C$400,A12,Packages!$AC$6:$AC$400) -> 985 | G12: =SUMIF(Packages!$C$6:$C$400,A12,Packages!$U$6:$U$400) -> 1326.4495 | H12: 2 | I12: 2 | J12: 2 | K12: 2 | L12: 2 | M12: 2 | N12: =_xlfn.MINIFS(Packages!$AL$6:$AL$400,Packages!$C$6:$C$400,A12) -> 46357 | O12: =_xlfn.MAXIFS(Packages!$AM$6:$AM$400,Packages!$C$6:$C$400,A12) -> 46572 | P12: =(O12-N12)/30.4 -> 7.0723684
A13: All | B13: All fronts | D13: =SUM(D5:D12) -> 201 | E13: =SUM(E5:E12) -> 8151.3679 | F13: =SUM(F5:F12) -> 5788 | G13: =SUM(G5:G12) -> 6561.5933 | H13: =SUM(H5:H12) -> 10 | I13: =SUM(I5:I12) -> 10 | J13: =SUM(J5:J12) -> 10 | K13: =SUM(K5:K12) -> 10 | ... M13: =SUM(M5:M12) -> 10 | N13: =MIN(N5:N12) -> 46357 | O13: =MAX(O5:O12) -> 46648 | P13: =(O13-N13)/30.4 -> 9.5723684
B14: Tie-in packages (separate team) | D14: =COUNTIF(Packages!$G$6:$G$400,"Tie-in")+COUNTIF(Packages!$G$6:$G$400,"Short connection") -> 71

Sheet Piece check
A1: Piece-level method check with groundwater at GWL
A2: One row per piece from the package workbook (10 m cuts). Open cut only where the dewatered open-cut reach fits short of the nearest other structure or pile AND the excavation is no deeper than MAXOC below GWL; otherwise sheet piles. Black = formula, blue = source data.
A5: Line | B5: Package | C5: Sub-piece | D5: Plan length (m) | E5: Planning OD (m) | F5: Start R (m) | G5: End R (m) | H5: Start crown (m) | I5: End crown (m) | J5: Nearest other structure / pile (m) | K5: R deepest (m) | L5: R average (m) | M5: Excavation depth from NG, avg (m) | N5: Depth below GWL, deepest (m) | O5: Depth NG to GWL used, deepest (m) | P5: Open-cut reach from axis (m) | Q5: Method | R5: Shored length (m) | S5: Depth below GWL, avg (m) | T5: Depth NG to GWL, avg (m) | U5: Trench bottom width (m) | V5: Excavation shored (m3) | W5: Excavation open cut (m3) | X5: Piled slab concrete (m3) | Y5: Pipe displacement below NG (m3) | Z5: Flotation FoS start, backfill to NG | AA5: Flotation FoS end, backfill to NG | AB5: Flotation FoS start, final to FL | AC5: Flotation FoS end, final to FL
A6: UG-01 | B6: UG-01-S01 | C6: P0022-01 | D6: 10 | E6: 2.5863866 | F6: -5.3931933 | G6: -5.4022798 | H6: -2.3068067 | I6: -2.3158932 | J6: 99 | K6: =MIN(F6,G6) -> -5.4022798 | L6: =AVERAGE(F6,G6) -> -5.3977365 | M6: =MAX(0,NG-L6) -> 4.6977365 | N6: =MAX(0,GWL-K6) -> 3.9022798 | O6: =MAX(0,NG-MAX(K6,GWL)) -> 0.8 | P6: =E6/2+WS+SLOPE_A*O6+SLOPE_B*N6 -> 11.297753 | Q6: =IF(AND(P6<J6,N6<=MAXOC),"Open cut","Shoring") -> Shoring | R6: =IF(Q6="Shoring",D6,0) -> 10 | S6: =MAX(0,GWL-L6) -> 3.8977365 | T6: =MAX(0,NG-MAX(L6,GWL)) -> 0.8 | U6: =E6+2*WS -> 4.5863866 | V6: =IF(Q6="Shoring",D6*M6*U6,0) -> 215.45636 | W6: =IF(Q6="Open cut",D6*(U6*M6+SLOPE_B*S6^2+2*SLOPE_B*S6*T6+SLOPE_A*T6^2),0) -> 0 | X6: =IF(M6>0,D6*(E6+2*SLABOVH)*SLAB,0) -> 17.931933 | Y6: =IF(M6>0,D6*PI()*E6^2/4,0) -> 52.538391 | Z6: =IF(H6-E6>=GWL,99,E6*(MAX(0,GWL-H6)*(GAM_S-GAM_W)+MAX(0,NG-MAX(H6,GWL))*GAM_D)/(GAM_W*PI()*E6^2/4)) -> 1.05421 | AA6: =IF(I6-E6>=GWL,99,E6*(MAX(0,GWL-I6)*(GAM_S-GAM_W)+MAX(0,NG-MAX(I6,GWL))*GAM_D)/(GAM_W*PI()*E6^2/4)) -> 1.0579445 | AB6: =IF(H6-E6>=GWL,99,E6*(MAX(0,GWL-H6)*(GAM_S-GAM_W)+MAX(0,FL-MAX(H6,GWL))*GAM_D)/(GAM_W*PI()*E6^2/4)) -> 2.5897782 | AC6: =IF(I6-E6>=GWL,99,E6*(MAX(0,GWL-I6)*(GAM_S-GAM_W)+MAX(0,FL-MAX(I6,GWL))*GAM_D)/(GAM_W*PI()*E6^2/4)) -> 2.5935126
A7: UG-01 | B7: UG-01-S01 | C7: P0022-02 | D7: 1.00536 | E7: 2.5863866 | F7: -5.4022798 | G7: -5.4031933 | H7: -2.3158932 | I7: -2.3168067 | J7: 99 | K7: =MIN(F7,G7) -> -5.4031933 | L7: =AVERAGE(F7,G7) -> -5.4027365 | M7: =MAX(0,NG-L7) -> 4.7027365 | N7: =MAX(0,GWL-K7) -> 3.9031933 | O7: =MAX(0,NG-MAX(K7,GWL)) -> 0.8 | P7: =E7/2+WS+SLOPE_A*O7+SLOPE_B*N7 -> 11.29958 | Q7: =IF(AND(P7<J7,N7<=MAXOC),"Open cut","Shoring") -> Shoring | R7: =IF(Q7="Shoring",D7,0) -> 1.00536 | S7: =MAX(0,GWL-L7) -> 3.9027365 | T7: =MAX(0,NG-MAX(L7,GWL)) -> 0.8 | U7: =E7+2*WS -> 4.5863866 | V7: =IF(Q7="Shoring",D7*M7*U7,0) -> 21.684175 | W7: =IF(Q7="Open cut",D7*(U7*M7+SLOPE_B*S7^2+2*SLOPE_B*S7*T7+SLOPE_A*T7^2),0) -> 0 | X7: =IF(M7>0,D7*(E7+2*SLABOVH)*SLAB,0) -> 1.8028048 | Y7: =IF(M7>0,D7*PI()*E7^2/4,0) -> 5.2819997 | Z7: =IF(H7-E7>=GWL,99,E7*(MAX(0,GWL-H7)*(GAM_S-GAM_W)+MAX(0,NG-MAX(H7,GWL))*GAM_D)/(GAM_W*PI()*E7^2/4)) -> 1.0579445 | AA7: =IF(I7-E7>=GWL,99,E7*(MAX(0,GWL-I7)*(GAM_S-GAM_W)+MAX(0,NG-MAX(I7,GWL))*GAM_D)/(GAM_W*PI()*E7^2/4)) -> 1.0583199 | AB7: =IF(H7-E7>=GWL,99,E7*(MAX(0,GWL-H7)*(GAM_S-GAM_W)+MAX(0,FL-MAX(H7,GWL))*GAM_D)/(GAM_W*PI()*E7^2/4)) -> 2.5935126 | AC7: =IF(I7-E7>=GWL,99,E7*(MAX(0,GWL-I7)*(GAM_S-GAM_W)+MAX(0,FL-MAX(I7,GWL))*GAM_D)/(GAM_W*PI()*E7^2/4)) -> 2.5938881
A8: UG-01 | B8: UG-01-S01 | C8: P0428 | D8: 3.900004 | E8: 2.5863866 | F8: -5.4031933 | G8: -5.4305033 | H8: -2.3168067 | I8: -2.3441167 | J8: 99 | K8: =MIN(F8,G8) -> -5.4305033 | L8: =AVERAGE(F8,G8) -> -5.4168483 | M8: =MAX(0,NG-L8) -> 4.7168483 | N8: =MAX(0,GWL-K8) -> 3.9305033 | O8: =MAX(0,NG-MAX(K8,GWL)) -> 0.8 | P8: =E8/2+WS+SLOPE_A*O8+SLOPE_B*N8 -> 11.3542 | Q8: =IF(AND(P8<J8,N8<=MAXOC),"Open cut","Shoring") -> Shoring | R8: =IF(Q8="Shoring",D8,0) -> 3.900004 | S8: =MAX(0,GWL-L8) -> 3.9168483 | T8: =MAX(0,NG-MAX(L8,GWL)) -> 0.8 | U8: =E8+2*WS -> 4.5863866 | V8: =IF(Q8="Shoring",D8*M8*U8,0) -> 84.369917 | W8: =IF(Q8="Open cut",D8*(U8*M8+SLOPE_B*S8^2+2*SLOPE_B*S8*T8+SLOPE_A*T8^2),0) -> 0 | X8: =IF(M8>0,D8*(E8+2*SLABOVH)*SLAB,0) -> 6.9934611 | Y8: =IF(M8>0,D8*PI()*E8^2/4,0) -> 20.489994 | Z8: =IF(H8-E8>=GWL,99,E8*(MAX(0,GWL-H8)*(GAM_S-GAM_W)+MAX(0,NG-MAX(H8,GWL))*GAM_D)/(GAM_W*PI()*E8^2/4)) -> 1.0583199 | AA8: =IF(I8-E8>=GWL,99,E8*(MAX(0,GWL-I8)*(GAM_S-GAM_W)+MAX(0,NG-MAX(I8,GWL))*GAM_D)/(GAM_W*PI()*E8^2/4)) -> 1.0695441 | AB8: =IF(H8-E8>=GWL,99,E8*(MAX(0,GWL-H8)*(GAM_S-GAM_W)+MAX(0,FL-MAX(H8,GWL))*GAM_D)/(GAM_W*PI()*E8^2/4)) -> 2.5938881 | AC8: =IF(I8-E8>=GWL,99,E8*(MAX(0,GWL-I8)*(GAM_S-GAM_W)+MAX(0,FL-MAX(I8,GWL))*GAM_D)/(GAM_W*PI()*E8^2/4)) -> 2.6051122
A9: UG-01 | B9: UG-01-S01 | C9: P0429 | D9: 3.8997991 | E9: 2.5559988 | F9: -5.4153094 | G9: -5.4426094 | H9: -2.3593106 | I9: -2.3866106 | J9: 99 | K9: =MIN(F9,G9) -> -5.4426094 | L9: =AVERAGE(F9,G9) -> -5.4289594 | M9: =MAX(0,NG-L9) -> 4.7289594 | N9: =MAX(0,GWL-K9) -> 3.9426094 | O9: =MAX(0,NG-MAX(K9,GWL)) -> 0.8 | P9: =E9/2+WS+SLOPE_A*O9+SLOPE_B*N9 -> 11.363218 | Q9: =IF(AND(P9<J9,N9<=MAXOC),"Open cut","Shoring") -> Shoring | R9: =IF(Q9="Shoring",D9,0) -> 3.8997991 | S9: =MAX(0,GWL-L9) -> 3.9289594 | T9: =MAX(0,NG-MAX(L9,GWL)) -> 0.8 | U9: =E9+2*WS -> 4.5559988 | V9: =IF(Q9="Shoring",D9*M9*U9,0) -> 84.021693 | W9: =IF(Q9="Open cut",D9*(U9*M9+SLOPE_B*S9^2+2*SLOPE_B*S9*T9+SLOPE_A*T9^2),0) -> 0 | X9: =IF(M9>0,D9*(E9+2*SLABOVH)*SLAB,0) -> 6.9338406 | Y9: =IF(M9>0,D9*PI()*E9^2/4,0) -> 20.010292 | Z9: =IF(H9-E9>=GWL,99,E9*(MAX(0,GWL-H9)*(GAM_S-GAM_W)+MAX(0,NG-MAX(H9,GWL))*GAM_D)/(GAM_W*PI()*E9^2/4)) -> 1.0885784 | AA9: =IF(I9-E9>=GWL,99,E9*(MAX(0,GWL-I9)*(GAM_S-GAM_W)+MAX(0,NG-MAX(I9,GWL))*GAM_D)/(GAM_W*PI()*E9^2/4)) -> 1.0999319 | AB9: =IF(H9-E9>=GWL,99,E9*(MAX(0,GWL-H9)*(GAM_S-GAM_W)+MAX(0,FL-MAX(H9,GWL))*GAM_D)/(GAM_W*PI()*E9^2/4)) -> 2.6424027 | AC9: =IF(I9-E9>=GWL,99,E9*(MAX(0,GWL-I9)*(GAM_S-GAM_W)+MAX(0,FL-MAX(I9,GWL))*GAM_D)/(GAM_W*PI()*E9^2/4)) -> 2.6537561
A10: UG-01 | B10: UG-01-S02 | C10: P0284-01 | D10: 1.1948369 | E10: 2.5559988 | F10: -5.4426094 | G10: -5.4509757 | H10: -2.3866106 | I10: -2.3949768 | J10: 12.83 | K10: =MIN(F10,G10) -> -5.4509757 | L10: =AVERAGE(F10,G10) -> -5.4467925 | M10: =MAX(0,NG-L10) -> 4.7467925 | N10: =MAX(0,GWL-K10) -> 3.9509757 | O10: =MAX(0,NG-MAX(K10,GWL)) -> 0.8 | P10: =E10/2+WS+SLOPE_A*O10+SLOPE_B*N10 -> 11.379951 | Q10: =IF(AND(P10<J10,N10<=MAXOC),"Open cut","Shoring") -> Shoring | R10: =IF(Q10="Shoring",D10,0) -> 1.1948369 | S10: =MAX(0,GWL-L10) -> 3.9467925 | T10: =MAX(0,NG-MAX(L10,GWL)) -> 0.8 | U10: =E10+2*WS -> 4.5559988 | V10: =IF(Q10="Shoring",D10*M10*U10,0) -> 25.839998 | W10: =IF(Q10="Open cut",D10*(U10*M10+SLOPE_B*S10^2+2*SLOPE_B*S10*T10+SLOPE_A*T10^2),0) -> 0 | X10: =IF(M10>0,D10*(E10+2*SLABOVH)*SLAB,0) -> 2.1244193 | Y10: =IF(M10>0,D10*PI()*E10^2/4,0) -> 6.1308376 | Z10: =IF(H10-E10>=GWL,99,E10*(MAX(0,GWL-H10)*(GAM_S-GAM_W)+MAX(0,NG-MAX(H10,GWL))*GAM_D)/(GAM_W*PI()*E10^2/4)) -> 1.0999319 | AA10: =IF(I10-E10>=GWL,99,E10*(MAX(0,GWL-I10)*(GAM_S-GAM_W)+MAX(0,NG-MAX(I10,GWL))*GAM_D)/(GAM_W*PI()*E10^2/4)) -> 1.1034112 | AB10: =IF(H10-E10>=GWL,99,E10*(MAX(0,GWL-H10)*(GAM_S-GAM_W)+MAX(0,FL-MAX(H10,GWL))*GAM_D)/(GAM_W*PI()*E10^2/4)) -> 2.6537561 | AC10: =IF(I10-E10>=GWL,99,E10*(MAX(0,GWL-I10)*(GAM_S-GAM_W)+MAX(0,FL-MAX(I10,GWL))*GAM_D)/(GAM_W*PI()*E10^2/4)) -> 2.6572354
A11: UG-01 | B11: UG-01-S02 | C11: P0284-02 | D11: 10 | E11: 2.5559988 | F11: -5.4509757 | G11: -5.5209957 | H11: -2.3949768 | I11: -2.4649968 | J11: 12.83 | K11: =MIN(F11,G11) -> -5.5209957 | L11: =AVERAGE(F11,G11) -> -5.4859857 | M11: =MAX(0,NG-L11) -> 4.7859857 | N11: =MAX(0,GWL-K11) -> 4.0209957 | O11: =MAX(0,NG-MAX(K11,GWL)) -> 0.8 | P11: =E11/2+WS+SLOPE_A*O11+SLOPE_B*N11 -> 11.519991 | Q11: =IF(AND(P11<J11,N11<=MAXOC),"Open cut","Shoring") -> Shoring | R11: =IF(Q11="Shoring",D11,0) -> 10 | S11: =MAX(0,GWL-L11) -> 3.9859857 | T11: =MAX(0,NG-MAX(L11,GWL)) -> 0.8 | U11: =E11+2*WS -> 4.5559988 | V11: =IF(Q11="Shoring",D11*M11*U11,0) -> 218.04945 | W11: =IF(Q11="Open cut",D11*(U11*M11+SLOPE_B*S11^2+2*SLOPE_B*S11*T11+SLOPE_A*T11^2),0) -> 0 | X11: =IF(M11>0,D11*(E11+2*SLABOVH)*SLAB,0) -> 17.779994 | Y11: =IF(M11>0,D11*PI()*E11^2/4,0) -> 51.311084 | Z11: =IF(H11-E11>=GWL,99,E11*(MAX(0,GWL-H11)*(GAM_S-GAM_W)+MAX(0,NG-MAX(H11,GWL))*GAM_D)/(GAM_W*PI()*E11^2/4)) -> 1.1034112 | AA11: =IF(I11-E11>=GWL,99,E11*(MAX(0,GWL-I11)*(GAM_S-GAM_W)+MAX(0,NG-MAX(I11,GWL))*GAM_D)/(GAM_W*PI()*E11^2/4)) -> 1.1325309 | AB11: =IF(H11-E11>=GWL,99,E11*(MAX(0,GWL-H11)*(GAM_S-GAM_W)+MAX(0,FL-MAX(H11,GWL))*GAM_D)/(GAM_W*PI()*E11^2/4)) -> 2.6572354 | AC11: =IF(I11-E11>=GWL,99,E11*(MAX(0,GWL-I11)*(GAM_S-GAM_W)+MAX(0,FL-MAX(I11,GWL))*GAM_D)/(GAM_W*PI()*E11^2/4)) -> 2.6863551
A12: UG-01 | B12: UG-01-S02 | C12: P0284-03 | D12: 10 | E12: 2.5559988 | F12: -5.5209957 | G12: -5.5910156 | H12: -2.4649968 | I12: -2.5350168 | J12: 12.84 | K12: =MIN(F12,G12) -> -5.5910156 | L12: =AVERAGE(F12,G12) -> -5.5560056 | M12: =MAX(0,NG-L12) -> 4.8560056 | N12: =MAX(0,GWL-K12) -> 4.0910156 | O12: =MAX(0,NG-MAX(K12,GWL)) -> 0.8 | P12: =E12/2+WS+SLOPE_A*O12+SLOPE_B*N12 -> 11.660031 | Q12: =IF(AND(P12<J12,N12<=MAXOC),"Open cut","Shoring") -> Shoring | R12: =IF(Q12="Shoring",D12,0) -> 10 | S12: =MAX(0,GWL-L12) -> 4.0560056 | T12: =MAX(0,NG-MAX(L12,GWL)) -> 0.8 | U12: =E12+2*WS -> 4.5559988 | V12: =IF(Q12="Shoring",D12*M12*U12,0) -> 221.23956 | W12: =IF(Q12="Open cut",D12*(U12*M12+SLOPE_B*S12^2+2*SLOPE_B*S12*T12+SLOPE_A*T12^2),0) -> 0 | X12: =IF(M12>0,D12*(E12+2*SLABOVH)*SLAB,0) -> 17.779994 | Y12: =IF(M12>0,D12*PI()*E12^2/4,0) -> 51.311084 | Z12: =IF(H12-E12>=GWL,99,E12*(MAX(0,GWL-H12)*(GAM_S-GAM_W)+MAX(0,NG-MAX(H12,GWL))*GAM_D)/(GAM_W*PI()*E12^2/4)) -> 1.1325309 | AA12: =IF(I12-E12>=GWL,99,E12*(MAX(0,GWL-I12)*(GAM_S-GAM_W)+MAX(0,NG-MAX(I12,GWL))*GAM_D)/(GAM_W*PI()*E12^2/4)) -> 1.1616505 | AB12: =IF(H12-E12>=GWL,99,E12*(MAX(0,GWL-H12)*(GAM_S-GAM_W)+MAX(0,FL-MAX(H12,GWL))*GAM_D)/(GAM_W*PI()*E12^2/4)) -> 2.6863551 | AC12: =IF(I12-E12>=GWL,99,E12*(MAX(0,GWL-I12)*(GAM_S-GAM_W)+MAX(0,FL-MAX(I12,GWL))*GAM_D)/(GAM_W*PI()*E12^2/4)) -> 2.7154747
A13: UG-01 | B13: UG-01-S02 | C13: P0284-04 | D13: 10 | E13: 2.5559988 | F13: -5.5910156 | G13: -5.6610356 | H13: -2.5350168 | I13: -2.6050368 | J13: 13.01 | K13: =MIN(F13,G13) -> -5.6610356 | L13: =AVERAGE(F13,G13) -> -5.6260256 | M13: =MAX(0,NG-L13) -> 4.9260256 | N13: =MAX(0,GWL-K13) -> 4.1610356 | O13: =MAX(0,NG-MAX(K13,GWL)) -> 0.8 | P13: =E13/2+WS+SLOPE_A*O13+SLOPE_B*N13 -> 11.800071 | Q13: =IF(AND(P13<J13,N13<=MAXOC),"Open cut","Shoring") -> Shoring | R13: =IF(Q13="Shoring",D13,0) -> 10 | S13: =MAX(0,GWL-L13) -> 4.1260256 | T13: =MAX(0,NG-MAX(L13,GWL)) -> 0.8 | U13: =E13+2*WS -> 4.5559988 | V13: =IF(Q13="Shoring",D13*M13*U13,0) -> 224.42967 | W13: =IF(Q13="Open cut",D13*(U13*M13+SLOPE_B*S13^2+2*SLOPE_B*S13*T13+SLOPE_A*T13^2),0) -> 0 | X13: =IF(M13>0,D13*(E13+2*SLABOVH)*SLAB,0) -> 17.779994 | Y13: =IF(M13>0,D13*PI()*E13^2/4,0) -> 51.311084 | Z13: =IF(H13-E13>=GWL,99,E13*(MAX(0,GWL-H13)*(GAM_S-GAM_W)+MAX(0,NG-MAX(H13,GWL))*GAM_D)/(GAM_W*PI()*E13^2/4)) -> 1.1616505 | AA13: =IF(I13-E13>=GWL,99,E13*(MAX(0,GWL-I13)*(GAM_S-GAM_W)+MAX(0,NG-MAX(I13,GWL))*GAM_D)/(GAM_W*PI()*E13^2/4)) -> 1.1907702 | AB13: =IF(H13-E13>=GWL,99,E13*(MAX(0,GWL-H13)*(GAM_S-GAM_W)+MAX(0,FL-MAX(H13,GWL))*GAM_D)/(GAM_W*PI()*E13^2/4)) -> 2.7154747 | AC13: =IF(I13-E13>=GWL,99,E13*(MAX(0,GWL-I13)*(GAM_S-GAM_W)+MAX(0,FL-MAX(I13,GWL))*GAM_D)/(GAM_W*PI()*E13^2/4)) -> 2.7445944
A14: UG-01 | B14: UG-01-S02 | C14: P0284-05 | D14: 10 | E14: 2.5559988 | F14: -5.6610356 | G14: -5.7310556 | H14: -2.6050368 | I14: -2.6750567 | J14: 17.64 | K14: =MIN(F14,G14) -> -5.7310556 | L14: =AVERAGE(F14,G14) -> -5.6960456 | M14: =MAX(0,NG-L14) -> 4.9960456 | N14: =MAX(0,GWL-K14) -> 4.2310556 | O14: =MAX(0,NG-MAX(K14,GWL)) -> 0.8 | P14: =E14/2+WS+SLOPE_A*O14+SLOPE_B*N14 -> 11.940111 | Q14: =IF(AND(P14<J14,N14<=MAXOC),"Open cut","Shoring") -> Shoring | R14: =IF(Q14="Shoring",D14,0) -> 10 | S14: =MAX(0,GWL-L14) -> 4.1960456 | T14: =MAX(0,NG-MAX(L14,GWL)) -> 0.8 | U14: =E14+2*WS -> 4.5559988 | V14: =IF(Q14="Shoring",D14*M14*U14,0) -> 227.61978 | W14: =IF(Q14="Open cut",D14*(U14*M14+SLOPE_B*S14^2+2*SLOPE_B*S14*T14+SLOPE_A*T14^2),0) -> 0 | X14: =IF(M14>0,D14*(E14+2*SLABOVH)*SLAB,0) -> 17.779994 | Y14: =IF(M14>0,D14*PI()*E14^2/4,0) -> 51.311084 | Z14: =IF(H14-E14>=GWL,99,E14*(MAX(0,GWL-H14)*(GAM_S-GAM_W)+MAX(0,NG-MAX(H14,GWL))*GAM_D)/(GAM_W*PI()*E14^2/4)) -> 1.1907702 | AA14: =IF(I14-E14>=GWL,99,E14*(MAX(0,GWL-I14)*(GAM_S-GAM_W)+MAX(0,NG-MAX(I14,GWL))*GAM_D)/(GAM_W*PI()*E14^2/4)) -> 1.2198899 | AB14: =IF(H14-E14>=GWL,99,E14*(MAX(0,GWL-H14)*(GAM_S-GAM_W)+MAX(0,FL-MAX(H14,GWL))*GAM_D)/(GAM_W*PI()*E14^2/4)) -> 2.7445944 | AC14: =IF(I14-E14>=GWL,99,E14*(MAX(0,GWL-I14)*(GAM_S-GAM_W)+MAX(0,FL-MAX(I14,GWL))*GAM_D)/(GAM_W*PI()*E14^2/4)) -> 2.7737141
A15: UG-01 | B15: UG-01-S02 | C15: P0284-06 | D15: 10 | E15: 2.5559988 | F15: -5.7310556 | G15: -5.8010756 | H15: -2.6750567 | I15: -2.7450767 | J15: 24.9 | K15: =MIN(F15,G15) -> -5.8010756 | L15: =AVERAGE(F15,G15) -> -5.7660656 | M15: =MAX(0,NG-L15) -> 5.0660656 | N15: =MAX(0,GWL-K15) -> 4.3010756 | O15: =MAX(0,NG-MAX(K15,GWL)) -> 0.8 | P15: =E15/2+WS+SLOPE_A*O15+SLOPE_B*N15 -> 12.080151 | Q15: =IF(AND(P15<J15,N15<=MAXOC),"Open cut","Shoring") -> Shoring | R15: =IF(Q15="Shoring",D15,0) -> 10 | S15: =MAX(0,GWL-L15) -> 4.2660656 | T15: =MAX(0,NG-MAX(L15,GWL)) -> 0.8 | U15: =E15+2*WS -> 4.5559988 | V15: =IF(Q15="Shoring",D15*M15*U15,0) -> 230.80989 | W15: =IF(Q15="Open cut",D15*(U15*M15+SLOPE_B*S15^2+2*SLOPE_B*S15*T15+SLOPE_A*T15^2),0) -> 0 | X15: =IF(M15>0,D15*(E15+2*SLABOVH)*SLAB,0) -> 17.779994 | Y15: =IF(M15>0,D15*PI()*E15^2/4,0) -> 51.311084 | Z15: =IF(H15-E15>=GWL,99,E15*(MAX(0,GWL-H15)*(GAM_S-GAM_W)+MAX(0,NG-MAX(H15,GWL))*GAM_D)/(GAM_W*PI()*E15^2/4)) -> 1.2198899 | AA15: =IF(I15-E15>=GWL,99,E15*(MAX(0,GWL-I15)*(GAM_S-GAM_W)+MAX(0,NG-MAX(I15,GWL))*GAM_D)/(GAM_W*PI()*E15^2/4)) -> 1.2490095 | AB15: =IF(H15-E15>=GWL,99,E15*(MAX(0,GWL-H15)*(GAM_S-GAM_W)+MAX(0,FL-MAX(H15,GWL))*GAM_D)/(GAM_W*PI()*E15^2/4)) -> 2.7737141 | AC15: =IF(I15-E15>=GWL,99,E15*(MAX(0,GWL-I15)*(GAM_S-GAM_W)+MAX(0,FL-MAX(I15,GWL))*GAM_D)/(GAM_W*PI()*E15^2/4)) -> 2.8028337
A16: UG-01 | B16: UG-01-S02 | C16: P0284-07 | D16: 10 | E16: 2.5559988 | F16: -5.8010756 | G16: -5.8710956 | H16: -2.7450767 | I16: -2.8150967 | J16: 99 | K16: =MIN(F16,G16) -> -5.8710956 | L16: =AVERAGE(F16,G16) -> -5.8360856 | M16: =MAX(0,NG-L16) -> 5.1360856 | N16: =MAX(0,GWL-K16) -> 4.3710956 | O16: =MAX(0,NG-MAX(K16,GWL)) -> 0.8 | P16: =E16/2+WS+SLOPE_A*O16+SLOPE_B*N16 -> 12.220191 | Q16: =IF(AND(P16<J16,N16<=MAXOC),"Open cut","Shoring") -> Shoring | R16: =IF(Q16="Shoring",D16,0) -> 10 | S16: =MAX(0,GWL-L16) -> 4.3360856 | T16: =MAX(0,NG-MAX(L16,GWL)) -> 0.8 | U16: =E16+2*WS -> 4.5559988 | V16: =IF(Q16="Shoring",D16*M16*U16,0) -> 234 | W16: =IF(Q16="Open cut",D16*(U16*M16+SLOPE_B*S16^2+2*SLOPE_B*S16*T16+SLOPE_A*T16^2),0) -> 0 | X16: =IF(M16>0,D16*(E16+2*SLABOVH)*SLAB,0) -> 17.779994 | Y16: =IF(M16>0,D16*PI()*E16^2/4,0) -> 51.311084 | Z16: =IF(H16-E16>=GWL,99,E16*(MAX(0,GWL-H16)*(GAM_S-GAM_W)+MAX(0,NG-MAX(H16,GWL))*GAM_D)/(GAM_W*PI()*E16^2/4)) -> 1.2490095 | AA16: =IF(I16-E16>=GWL,99,E16*(MAX(0,GWL-I16)*(GAM_S-GAM_W)+MAX(0,NG-MAX(I16,GWL))*GAM_D)/(GAM_W*PI()*E16^2/4)) -> 1.2781292 | AB16: =IF(H16-E16>=GWL,99,E16*(MAX(0,GWL-H16)*(GAM_S-GAM_W)+MAX(0,FL-MAX(H16,GWL))*GAM_D)/(GAM_W*PI()*E16^2/4)) -> 2.8028337 | AC16: =IF(I16-E16>=GWL,99,E16*(MAX(0,GWL-I16)*(GAM_S-GAM_W)+MAX(0,FL-MAX(I16,GWL))*GAM_D)/(GAM_W*PI()*E16^2/4)) -> 2.8319534
A17: UG-01 | B17: UG-01-S02 | C17: P0284-08 | D17: 10 | E17: 2.5559988 | F17: -5.8710956 | G17: -5.9411155 | H17: -2.8150967 | I17: -2.8851167 | J17: 99 | K17: =MIN(F17,G17) -> -5.9411155 | L17: =AVERAGE(F17,G17) -> -5.9061055 | M17: =MAX(0,NG-L17) -> 5.2061055 | N17: =MAX(0,GWL-K17) -> 4.4411155 | O17: =MAX(0,NG-MAX(K17,GWL)) -> 0.8 | P17: =E17/2+WS+SLOPE_A*O17+SLOPE_B*N17 -> 12.36023 | Q17: =IF(AND(P17<J17,N17<=MAXOC),"Open cut","Shoring") -> Shoring | R17: =IF(Q17="Shoring",D17,0) -> 10 | S17: =MAX(0,GWL-L17) -> 4.4061055 | T17: =MAX(0,NG-MAX(L17,GWL)) -> 0.8 | U17: =E17+2*WS -> 4.5559988 | V17: =IF(Q17="Shoring",D17*M17*U17,0) -> 237.19011 | W17: =IF(Q17="Open cut",D17*(U17*M17+SLOPE_B*S17^2+2*SLOPE_B*S17*T17+SLOPE_A*T17^2),0) -> 0 | X17: =IF(M17>0,D17*(E17+2*SLABOVH)*SLAB,0) -> 17.779994 | Y17: =IF(M17>0,D17*PI()*E17^2/4,0) -> 51.311084 | Z17: =IF(H17-E17>=GWL,99,E17*(MAX(0,GWL-H17)*(GAM_S-GAM_W)+MAX(0,NG-MAX(H17,GWL))*GAM_D)/(GAM_W*PI()*E17^2/4)) -> 1.2781292 | AA17: =IF(I17-E17>=GWL,99,E17*(MAX(0,GWL-I17)*(GAM_S-GAM_W)+MAX(0,NG-MAX(I17,GWL))*GAM_D)/(GAM_W*PI()*E17^2/4)) -> 1.3072488 | AB17: =IF(H17-E17>=GWL,99,E17*(MAX(0,GWL-H17)*(GAM_S-GAM_W)+MAX(0,FL-MAX(H17,GWL))*GAM_D)/(GAM_W*PI()*E17^2/4)) -> 2.8319534 | AC17: =IF(I17-E17>=GWL,99,E17*(MAX(0,GWL-I17)*(GAM_S-GAM_W)+MAX(0,FL-MAX(I17,GWL))*GAM_D)/(GAM_W*PI()*E17^2/4)) -> 2.8610731
... A1643: UG-28A | B1643: UG-28A-S01 | C1643: P0403 | D1643: 0.04551 | E1643: 0.31499353 | F1643: -0.53749677 | G1643: -0.53749677 | H1643: 0.27749677 | I1643: 0.27749677 | J1643: 16.11 | K1643: =MIN(F1643,G1643) -> -0.53749677 | L1643: =AVERAGE(F1643,G1643) -> -0.53749677 | M1643: =MAX(0,NG-L1643) -> 0 | N1643: =MAX(0,GWL-K1643) -> 0 | O1643: =MAX(0,NG-MAX(K1643,GWL)) -> 0 | P1643: =E1643/2+WS+SLOPE_A*O1643+SLOPE_B*N1643 -> 1.1574968 | Q1643: =IF(AND(P1643<J1643,N1643<=MAXOC),"Open cut","Shoring") -> Open cut | R1643: =IF(Q1643="Shoring",D1643,0) -> 0 | S1643: =MAX(0,GWL-L1643) -> 0 | T1643: =MAX(0,NG-MAX(L1643,GWL)) -> 0 | U1643: =E1643+2*WS -> 2.3149935 | V1643: =IF(Q1643="Shoring",D1643*M1643*U1643,0) -> 0 | W1643: =IF(Q1643="Open cut",D1643*(U1643*M1643+SLOPE_B*S1643^2+2*SLOPE_B*S1643*T1643+SLOPE_A*T1643^2),0) -> 0 | X1643: =IF(M1643>0,D1643*(E1643+2*SLABOVH)*SLAB,0) -> 0 | Y1643: =IF(M1643>0,D1643*PI()*E1643^2/4,0) -> 0 | Z1643: =IF(H1643-E1643>=GWL,99,E1643*(MAX(0,GWL-H1643)*(GAM_S-GAM_W)+MAX(0,NG-MAX(H1643,GWL))*GAM_D)/(GAM_W*PI()*E1643^2/4)) -> 99 | AA1643: =IF(I1643-E1643>=GWL,99,E1643*(MAX(0,GWL-I1643)*(GAM_S-GAM_W)+MAX(0,NG-MAX(I1643,GWL))*GAM_D)/(GAM_W*PI()*E1643^2/4)) -> 99 | AB1643: =IF(H1643-E1643>=GWL,99,E1643*(MAX(0,GWL-H1643)*(GAM_S-GAM_W)+MAX(0,FL-MAX(H1643,GWL))*GAM_D)/(GAM_W*PI()*E1643^2/4)) -> 99 | AC1643: =IF(I1643-E1643>=GWL,99,E1643*(MAX(0,GWL-I1643)*(GAM_S-GAM_W)+MAX(0,FL-MAX(I1643,GWL))*GAM_D)/(GAM_W*PI()*E1643^2/4)) -> 99

Sheet Packages
A1: Packages - method, quantities, dewatering, flotation and dates
A2: One row per work package from the package workbook (201). Method and quantities recalculate from Inputs and Piece check. Start / Finish come from the Activities sheet. Pile and sheet quantities are planning placeholders until designs exist.
A5: Line | B5: Package | C5: Front | D5: Planning name | E5: Pipe type | F5: Printed size | G5: Package type | H5: Tie-in structure(s) | I5: Structure ready (date) | J5: Aeration zones with open piles within 15 m | K5: Aeration gate (date) | L5: Crossing ID hold | M5: Fittings (no.) | N5: Planning OD (m) | O5: Plan length (m) | P5: R start (m) | Q5: R end (m) | R5: R deepest (m) | S5: Max depth below GWL (m) | T5: Max excavation depth from NG (m) | U5: Shored length (m) | V5: Open-cut length (m) | W5: Excavation method | X5: Excavation shored (m3) | Y5: Excavation open cut (m3) | Z5: Piled slab concrete (m3) | AA5: Pipe displacement (m3) | AB5: Backfill (m3) | AC5: Pipe-support piles (no.) | AD5: Sheet pile wall (m) | AE5: Sheet pile length (m) | AF5: Sheet pile area (m2) | AG5: Drawdown required below GWL (m) | AH5: Dewatering method | AI5: Min flotation FoS, backfill to NG | AJ5: Min flotation FoS, final to FL | AK5: Flotation action | AL5: Start | AM5: Finish | AN5: Sequence rank | AO5: Holds before release (package workbook) | AP5: Sequence notes (package workbook) | AQ5: Interactions used in the logic | AR5: Trench open after laying (days) | AS5: Dewatering running (days)
A6: UG-01 | B6: UG-01-S02 | C6: F1 | D6: GRP-UG01-S02-EL019-EL295-(-5.44/-6.52)-276m | E6: GRP | F6: 28 | G6: Run | I6: 0 | K6: 0 | L6: Yes | M6: 13 | N6: =_xlfn.MAXIFS('Piece check'!$E$6:$E$1643,'Piece check'!$B$6:$B$1643,B6) -> 2.5864043 | O6: =SUMIFS('Piece check'!$D$6:$D$1643,'Piece check'!$B$6:$B$1643,B6) -> 276.06057 | P6: -5.4426094 | Q6: -6.5165323 | R6: =_xlfn.MINIFS('Piece check'!$K$6:$K$1643,'Piece check'!$B$6:$B$1643,B6) -> -7.4373221 | S6: =MAX(0,GWL-R6) -> 5.9373221 | T6: =MAX(0,NG-R6) -> 6.7373221 | U6: =SUMIFS('Piece check'!$R$6:$R$1643,'Piece check'!$B$6:$B$1643,B6) -> 276.06057 | V6: =O6-U6 -> 0 | W6: =IF(U6<0.05,"Open cut",IF(V6<0.05,"Sheet piles","Mixed: "&TEXT(U6,"0")&" m sheet piles")) -> Sheet piles | X6: =SUMIFS('Piece check'!$V$6:$V$1643,'Piece check'!$B$6:$B$1643,B6) -> 7037.0478 | Y6: =SUMIFS('Piece check'!$W$6:$W$1643,'Piece check'!$B$6:$B$1643,B6) -> 0 | Z6: =SUMIFS('Piece check'!$X$6:$X$1643,'Piece check'!$B$6:$B$1643,B6) -> 488.87 | AA6: =SUMIFS('Piece check'!$Y$6:$Y$1643,'Piece check'!$B$6:$B$1643,B6) -> 1413.4105 | AB6: =MAX(0,X6+Y6-Z6-AA6) -> 5134.7674 | AC6: =(ROUNDUP(O6/PILE_SP,0)+1)*IF(N6>=PILE_THR,PILE_N_LARGE,PILE_N_SMALL) -> 188 | AD6: =2*U6 -> 552.12114 | AE6: =IF(U6>0,ROUNDUP(T6*SHEET_RATIO,0),0) -> 14 | AF6: =AD6*AE6 -> 7729.696 | AG6: =MAX(0,GWL-(R6-DD_BELOW)) -> 6.4373221 | AH6: =IF(AG6=0,"Not required",IF(AG6<=WP_LIMIT,"Single-stage wellpoints","Deep wells or two-stage wellpoints")) -> Deep wells or two-stage wellpoints | AI6: =MIN(_xlfn.MINIFS('Piece check'!$Z$6:$Z$1643,'Piece check'!$B$6:$B$1643,B6),_xlfn.MINIFS('Piece check'!$AA$6:$AA$1643,'Piece check'!$B$6:$B$1643,B6)) -> 1.0999319 | AJ6: =MIN(_xlfn.MINIFS('Piece check'!$AB$6:$AB$1643,'Piece check'!$B$6:$B$1643,B6),_xlfn.MINIFS('Piece check'!$AC$6:$AC$1643,'Piece check'!$B$6:$B$1643,B6)) -> 2.6537561 | AK6: =IF(AJ6<FOS_FLOT,"Anchor pipe to piled slab (permanent straps)",IF(AI6<FOS_FLOT,"Keep dewatering on until fill reaches FL, or strap to slab","No extra measure")) -> Keep dewatering on until fill reaches FL, or strap to slab | AL6: =Activities!P7 -> 46357 | AM6: =Activities!Q16 -> 46447 | AN6: 14 | AO6: Common holds only (see Read Me). | AP6: Identify P0279 (no level) before excavating. Where shoring is flagged, it is on the side facing the nearest structure or pile (Pieces, Nearest item). | AQ6: None | AR6: =Activities!P15-Activities!Q13 -> -15 | AS6: =IF(Activities!K10=0,0,Activities!Q16-Activities!P10) -> 65
A7: UG-01 | B7: UG-01-S03 | C7: F1 | D7: GRP-UG01-S03-EL295-PST-(-6.52/-6.52)-29m | E7: GRP | F7: 28 | G7: Tie-in | H7: PST | I7: =MAX(Structures!$H$21) -> 0 | K7: 0 | L7: No | M7: 0 | N7: =_xlfn.MAXIFS('Piece check'!$E$6:$E$1643,'Piece check'!$B$6:$B$1643,B7) -> 0.61306465 | O7: =SUMIFS('Piece check'!$D$6:$D$1643,'Piece check'!$B$6:$B$1643,B7) -> 29.41017 | P7: -6.5165323 | Q7: -6.5165323 | R7: =_xlfn.MINIFS('Piece check'!$K$6:$K$1643,'Piece check'!$B$6:$B$1643,B7) -> -6.5165323 | S7: =MAX(0,GWL-R7) -> 5.0165323 | T7: =MAX(0,NG-R7) -> 5.8165323 | U7: =SUMIFS('Piece check'!$R$6:$R$1643,'Piece check'!$B$6:$B$1643,B7) -> 29.41017 | V7: =O7-U7 -> 0 | W7: =IF(U7<0.05,"Open cut",IF(V7<0.05,"Sheet piles","Mixed: "&TEXT(U7,"0")&" m sheet piles")) -> Sheet piles | X7: =SUMIFS('Piece check'!$V$6:$V$1643,'Piece check'!$B$6:$B$1643,B7) -> 447.00444 | Y7: =SUMIFS('Piece check'!$W$6:$W$1643,'Piece check'!$B$6:$B$1643,B7) -> 0 | Z7: =SUMIFS('Piece check'!$X$6:$X$1643,'Piece check'!$B$6:$B$1643,B7) -> 23.720253 | AA7: =SUMIFS('Piece check'!$Y$6:$Y$1643,'Piece check'!$B$6:$B$1643,B7) -> 8.6816038 | AB7: =MAX(0,X7+Y7-Z7-AA7) -> 414.60258 | AC7: =(ROUNDUP(O7/PILE_SP,0)+1)*IF(N7>=PILE_THR,PILE_N_LARGE,PILE_N_SMALL) -> 11 | AD7: =2*U7 -> 58.82034 | AE7: =IF(U7>0,ROUNDUP(T7*SHEET_RATIO,0),0) -> 12 | AF7: =AD7*AE7 -> 705.84408 | AG7: =MAX(0,GWL-(R7-DD_BELOW)) -> 5.5165323 | AH7: =IF(AG7=0,"Not required",IF(AG7<=WP_LIMIT,"Single-stage wellpoints","Deep wells or two-stage wellpoints")) -> Deep wells or two-stage wellpoints | AI7: =MIN(_xlfn.MINIFS('Piece check'!$Z$6:$Z$1643,'Piece check'!$B$6:$B$1643,B7),_xlfn.MINIFS('Piece check'!$AA$6:$AA$1643,'Piece check'!$B$6:$B$1643,B7)) -> 9.8167181 | AJ7: =MIN(_xlfn.MINIFS('Piece check'!$AB$6:$AB$1643,'Piece check'!$B$6:$B$1643,B7),_xlfn.MINIFS('Piece check'!$AC$6:$AC$1643,'Piece check'!$B$6:$B$1643,B7)) -> 16.294947 | AK7: =IF(AJ7<FOS_FLOT,"Anchor pipe to piled slab (permanent straps)",IF(AI7<FOS_FLOT,"Keep dewatering on until fill reaches FL, or strap to slab","No extra measure")) -> No extra measure | AL7: =Activities!P18 -> 46359 | AM7: =Activities!Q27 -> 46451 | AN7: 15 | AO7: Common holds only (see Read Me). | AP7: PST wall and penetration built; its excavation backfilled to pipe zone. Lay as the closure to the structure. Where shoring is flagged, it is on the side facing the nearest structure or pile (Pieces, Nearest item). | AQ7: closure: lay after UG-01-S02 laid | AR7: =Activities!P26-Activities!Q24 -> -1 | AS7: =IF(Activities!K21=0,0,Activities!Q27-Activities!P21) -> 87
A8: UG-01 | B8: UG-01-S01 | C8: F1 | D8: GRP-UG01-S01-GRT-EL019-(-5.39/-5.44)-19m | E8: GRP | F8: 28 | G8: Tie-in | H8: GRT | I8: =MAX(Structures!$H$19) -> 0 | K8: 0 | L8: No | M8: 2 | N8: =_xlfn.MAXIFS('Piece check'!$E$6:$E$1643,'Piece check'!$B$6:$B$1643,B8) -> 2.5863866 | O8: =SUMIFS('Piece check'!$D$6:$D$1643,'Piece check'!$B$6:$B$1643,B8) -> 18.805163 | P8: -5.3931933 | Q8: -5.4426094 | R8: =_xlfn.MINIFS('Piece check'!$K$6:$K$1643,'Piece check'!$B$6:$B$1643,B8) -> -5.4426094 | S8: =MAX(0,GWL-R8) -> 3.9426094 | T8: =MAX(0,NG-R8) -> 4.7426094 | U8: =SUMIFS('Piece check'!$R$6:$R$1643,'Piece check'!$B$6:$B$1643,B8) -> 18.805163 | V8: =O8-U8 -> 0 | W8: =IF(U8<0.05,"Open cut",IF(V8<0.05,"Sheet piles","Mixed: "&TEXT(U8,"0")&" m sheet piles")) -> Sheet piles | X8: =SUMIFS('Piece check'!$V$6:$V$1643,'Piece check'!$B$6:$B$1643,B8) -> 405.53215 | Y8: =SUMIFS('Piece check'!$W$6:$W$1643,'Piece check'!$B$6:$B$1643,B8) -> 0 | Z8: =SUMIFS('Piece check'!$X$6:$X$1643,'Piece check'!$B$6:$B$1643,B8) -> 33.66204 | AA8: =SUMIFS('Piece check'!$Y$6:$Y$1643,'Piece check'!$B$6:$B$1643,B8) -> 98.320676 | AB8: =MAX(0,X8+Y8-Z8-AA8) -> 273.54943 | AC8: =(ROUNDUP(O8/PILE_SP,0)+1)*IF(N8>=PILE_THR,PILE_N_LARGE,PILE_N_SMALL) -> 16 | AD8: =2*U8 -> 37.610326 | AE8: =IF(U8>0,ROUNDUP(T8*SHEET_RATIO,0),0) -> 10 | AF8: =AD8*AE8 -> 376.10326 | AG8: =MAX(0,GWL-(R8-DD_BELOW)) -> 4.4426094 | AH8: =IF(AG8=0,"Not required",IF(AG8<=WP_LIMIT,"Single-stage wellpoints","Deep wells or two-stage wellpoints")) -> Single-stage wellpoints | AI8: =MIN(_xlfn.MINIFS('Piece check'!$Z$6:$Z$1643,'Piece check'!$B$6:$B$1643,B8),_xlfn.MINIFS('Piece check'!$AA$6:$AA$1643,'Piece check'!$B$6:$B$1643,B8)) -> 1.05421 | AJ8: =MIN(_xlfn.MINIFS('Piece check'!$AB$6:$AB$1643,'Piece check'!$B$6:$B$1643,B8),_xlfn.MINIFS('Piece check'!$AC$6:$AC$1643,'Piece check'!$B$6:$B$1643,B8)) -> 2.5897782 | AK8: =IF(AJ8<FOS_FLOT,"Anchor pipe to piled slab (permanent straps)",IF(AI8<FOS_FLOT,"Keep dewatering on until fill reaches FL, or strap to slab","No extra measure")) -> Keep dewatering on until fill reaches FL, or strap to slab | AL8: =Activities!P29 -> 46359 | AM8: =Activities!Q38 -> 46452 | AN8: 16 | AO8: Common holds only (see Read Me). | AP8: grit removal / fine screens wall and penetration built; its excavation backfilled to pipe zone. Lay as the closure to the structure. Where shoring is flagged, it is on the side facing the nearest structure or pile (Pieces, Nearest item). | AQ8: closure: lay after UG-01-S02 laid | AR8: =Activities!P37-Activities!Q35 -> -2 | AS8: =IF(Activities!K32=0,0,Activities!Q38-Activities!P32) -> 89
A9: UG-02 | B9: UG-02-S03 | C9: F1 | D9: GRP-UG02-S03-CH091-CH156-(-5.81/-6.17)-65m | E9: GRP | F9: 28 | G9: Run | I9: 0 | J9: 3, 5 (18 piles) | K9: =MAX(Aeration!$I$7,Aeration!$I$9) -> 46333 | L9: No | M9: 0 | N9: =_xlfn.MAXIFS('Piece check'!$E$6:$E$1643,'Piece check'!$B$6:$B$1643,B9) -> 2.0696095 | O9: =SUMIFS('Piece check'!$D$6:$D$1643,'Piece check'!$B$6:$B$1643,B9) -> 65.1 | P9: -5.8080994 | Q9: -6.167762 | R9: =_xlfn.MINIFS('Piece check'!$K$6:$K$1643,'Piece check'!$B$6:$B$1643,B9) -> -6.167762 | S9: =MAX(0,GWL-R9) -> 4.667762 | T9: =MAX(0,NG-R9) -> 5.467762 | U9: =SUMIFS('Piece check'!$R$6:$R$1643,'Piece check'!$B$6:$B$1643,B9) -> 65.1 | V9: =O9-U9 -> 0 | W9: =IF(U9<0.05,"Open cut",IF(V9<0.05,"Sheet piles","Mixed: "&TEXT(U9,"0")&" m sheet piles")) -> Sheet piles | X9: =SUMIFS('Piece check'!$V$6:$V$1643,'Piece check'!$B$6:$B$1643,B9) -> 1400.9398 | Y9: =SUMIFS('Piece check'!$W$6:$W$1643,'Piece check'!$B$6:$B$1643,B9) -> 0 | Z9: =SUMIFS('Piece check'!$X$6:$X$1643,'Piece check'!$B$6:$B$1643,B9) -> 99.915788 | AA9: =SUMIFS('Piece check'!$Y$6:$Y$1643,'Piece check'!$B$6:$B$1643,B9) -> 219.0018 | AB9: =MAX(0,X9+Y9-Z9-AA9) -> 1082.0222 | AC9: =(ROUNDUP(O9/PILE_SP,0)+1)*IF(N9>=PILE_THR,PILE_N_LARGE,PILE_N_SMALL) -> 46 | AD9: =2*U9 -> 130.2 | AE9: =IF(U9>0,ROUNDUP(T9*SHEET_RATIO,0),0) -> 11 | AF9: =AD9*AE9 -> 1432.2 | AG9: =MAX(0,GWL-(R9-DD_BELOW)) -> 5.167762 | AH9: =IF(AG9=0,"Not required",IF(AG9<=WP_LIMIT,"Single-stage wellpoints","Deep wells or two-stage wellpoints")) -> Deep wells or two-stage wellpoints | AI9: =MIN(_xlfn.MINIFS('Piece check'!$Z$6:$Z$1643,'Piece check'!$B$6:$B$1643,B9),_xlfn.MINIFS('Piece check'!$AA$6:$AA$1643,'Piece check'!$B$6:$B$1643,B9)) -> 1.7959693 | AJ9: =MIN(_xlfn.MINIFS('Piece check'!$AB$6:$AB$1643,'Piece check'!$B$6:$B$1643,B9),_xlfn.MINIFS('Piece check'!$AC$6:$AC$1643,'Piece check'!$B$6:$B$1643,B9)) -> 3.7149656 | AK9: =IF(AJ9<FOS_FLOT,"Anchor pipe to piled slab (permanent straps)",IF(AI9<FOS_FLOT,"Keep dewatering on until fill reaches FL, or strap to slab","No extra measure")) -> No extra measure | AL9: =Activities!P40 -> 46359 | AM9: =Activities!Q49 -> 46521 | AN9: 17 | AO9: No drawing level anchor inside the package: levels interpolated between anchors elsewhere (no longitudinal profile). | AP9: One shared excavation and dewatering front with UG-03: lay all pipes before backfill. Decide the sequence against the 18 pending piles within 15 m. Where shoring is flagged, it is on the side facing the nearest structure or pile (Pieces, Nearest item). | AQ9: shared trench with UG-03-S01: backfill after both laid; shared trench with UG-03-S02: backfill after both laid | AR9: =Activities!P48-Activities!Q46 -> 64 | AS9: =IF(Activities!K43=0,0,Activities!Q49-Activities!P43) -> 104
A10: UG-02 | B10: UG-02-S02 | C10: F1 | D10: GRP-UG02-S02-EL013-CH091-(-5.38/-5.81)-78m | E10: GRP | F10: 28 | G10: Run | I10: 0 | J10: 5 (4 piles) | K10: =MAX(Aeration!$I$9) -> 46333 | L10: No | M10: 0 | N10: =_xlfn.MAXIFS('Piece check'!$E$6:$E$1643,'Piece check'!$B$6:$B$1643,B10) -> 2.0696095 | O10: =SUMIFS('Piece check'!$D$6:$D$1643,'Piece check'!$B$6:$B$1643,B10) -> 78.047505 | P10: -5.3769047 | Q10: -5.8080994 | R10: =_xlfn.MINIFS('Piece check'!$K$6:$K$1643,'Piece check'!$B$6:$B$1643,B10) -> -5.8080994 | S10: =MAX(0,GWL-R10) -> 4.3080994 | T10: =MAX(0,NG-R10) -> 5.1080994 | U10: =SUMIFS('Piece check'!$R$6:$R$1643,'Piece check'!$B$6:$B$1643,B10) -> 78.047505 | V10: =O10-U10 -> 0 | W10: =IF(U10<0.05,"Open cut",IF(V10<0.05,"Sheet piles","Mixed: "&TEXT(U10,"0")&" m sheet piles")) -> Sheet piles | X10: =SUMIFS('Piece check'!$V$6:$V$1643,'Piece check'!$B$6:$B$1643,B10) -> 1553.9705 | Y10: =SUMIFS('Piece check'!$W$6:$W$1643,'Piece check'!$B$6:$B$1643,B10) -> 0 | Z10: =SUMIFS('Piece check'!$X$6:$X$1643,'Piece check'!$B$6:$B$1643,B10) -> 119.78768 | AA10: =SUMIFS('Piece check'!$Y$6:$Y$1643,'Piece check'!$B$6:$B$1643,B10) -> 262.55828 | AB10: =MAX(0,X10+Y10-Z10-AA10) -> 1171.6246 | AC10: =(ROUNDUP(O10/PILE_SP,0)+1)*IF(N10>=PILE_THR,PILE_N_LARGE,PILE_N_SMALL) -> 56 | AD10: =2*U10 -> 156.09501 | AE10: =IF(U10>0,ROUNDUP(T10*SHEET_RATIO,0),0) -> 11 | AF10: =AD10*AE10 -> 1717.0451 | AG10: =MAX(0,GWL-(R10-DD_BELOW)) -> 4.8080994 | AH10: =IF(AG10=0,"Not required",IF(AG10<=WP_LIMIT,"Single-stage wellpoints","Deep wells or two-stage wellpoints")) -> Deep wells or two-stage wellpoints | AI10: =MIN(_xlfn.MINIFS('Piece check'!$Z$6:$Z$1643,'Piece check'!$B$6:$B$1643,B10),_xlfn.MINIFS('Piece check'!$AA$6:$AA$1643,'Piece check'!$B$6:$B$1643,B10)) -> 1.5745018 | AJ10: =MIN(_xlfn.MINIFS('Piece check'!$AB$6:$AB$1643,'Piece check'!$B$6:$B$1643,B10),_xlfn.MINIFS('Piece check'!$AC$6:$AC$1643,'Piece check'!$B$6:$B$1643,B10)) -> 3.4934981 | AK10: =IF(AJ10<FOS_FLOT,"Anchor pipe to piled slab (permanent straps)",IF(AI10<FOS_FLOT,"Keep dewatering on until fill reaches FL, or strap to slab","No extra measure")) -> No extra measure | AL10: =Activities!P51 -> 46404 | AM10: =Activities!Q60 -> 46527 | AN10: 18 | AO10: No drawing level anchor inside the package: levels interpolated between anchors elsewhere (no longitudinal profile). | AP10: Decide the sequence against the 4 pending piles within 15 m. Where shoring is flagged, it is on the side facing the nearest structure or pile (Pieces, Nearest item). | AQ10: shared trench with UG-03-S01: backfill after both laid | AR10: =Activities!P59-Activities!Q57 -> 57 | AS10: =IF(Activities!K54=0,0,Activities!Q60-Activities!P54) -> 103
A11: UG-02 | B11: UG-02-S05 | C11: F1 | D11: GRP-UG02-S05-EL261-IPS-(-6.72/-6.73)-6m | E11: GRP | F11: 28 | G11: Tie-in | H11: IPS | I11: =MAX(Structures!$H$20) -> 0 | J11: 8 (3 piles) | K11: =MAX(Aeration!$I$12) -> 46355 | L11: No | M11: 0 | N11: =_xlfn.MAXIFS('Piece check'!$E$6:$E$1643,'Piece check'!$B$6:$B$1643,B11) -> 2.0695998 | O11: =SUMIFS('Piece check'!$D$6:$D$1643,'Piece check'!$B$6:$B$1643,B11) -> 5.96786 | P11: -6.7249699 | Q11: -6.7347999 | R11: =_xlfn.MINIFS('Piece check'!$K$6:$K$1643,'Piece check'!$B$6:$B$1643,B11) -> -6.7347999 | S11: =MAX(0,GWL-R11) -> 5.2347999 | T11: =MAX(0,NG-R11) -> 6.0347999 | U11: =SUMIFS('Piece check'!$R$6:$R$1643,'Piece check'!$B$6:$B$1643,B11) -> 5.96786 | V11: =O11-U11 -> 0 | W11: =IF(U11<0.05,"Open cut",IF(V11<0.05,"Sheet piles","Mixed: "&TEXT(U11,"0")&" m sheet piles")) -> Sheet piles | X11: =SUMIFS('Piece check'!$V$6:$V$1643,'Piece check'!$B$6:$B$1643,B11) -> 146.44662 | Y11: =SUMIFS('Piece check'!$W$6:$W$1643,'Piece check'!$B$6:$B$1643,B11) -> 0 | Z11: =SUMIFS('Piece check'!$X$6:$X$1643,'Piece check'!$B$6:$B$1643,B11) -> 9.1594708 | AA11: =SUMIFS('Piece check'!$Y$6:$Y$1643,'Piece check'!$B$6:$B$1643,B11) -> 20.076187 | AB11: =MAX(0,X11+Y11-Z11-AA11) -> 117.21096 | AC11: =(ROUNDUP(O11/PILE_SP,0)+1)*IF(N11>=PILE_THR,PILE_N_LARGE,PILE_N_SMALL) -> 6 | AD11: =2*U11 -> 11.93572 | AE11: =IF(U11>0,ROUNDUP(T11*SHEET_RATIO,0),0) -> 13 | AF11: =AD11*AE11 -> 155.16436 | AG11: =MAX(0,GWL-(R11-DD_BELOW)) -> 5.7347999 | AH11: =IF(AG11=0,"Not required",IF(AG11<=WP_LIMIT,"Single-stage wellpoints","Deep wells or two-stage wellpoints")) -> Deep wells or two-stage wellpoints | AI11: =MIN(_xlfn.MINIFS('Piece check'!$Z$6:$Z$1643,'Piece check'!$B$6:$B$1643,B11),_xlfn.MINIFS('Piece check'!$AA$6:$AA$1643,'Piece check'!$B$6:$B$1643,B11)) -> 2.2669022 | AJ11: =MIN(_xlfn.MINIFS('Piece check'!$AB$6:$AB$1643,'Piece check'!$B$6:$B$1643,B11),_xlfn.MINIFS('Piece check'!$AC$6:$AC$1643,'Piece check'!$B$6:$B$1643,B11)) -> 4.1859075 | AK11: =IF(AJ11<FOS_FLOT,"Anchor pipe to piled slab (permanent straps)",IF(AI11<FOS_FLOT,"Keep dewatering on until fill reaches FL, or strap to slab","No extra measure")) -> No extra measure | AL11: =Activities!P62 -> 46430 | AM11: =Activities!Q71 -> 46528 | AN11: 19 | AO11: Common holds only (see Read Me). | AP11: IPS wall and penetration built; its excavation backfilled to pipe zone. Lay as the closure to the structure. One shared excavation and dewatering front with UG-03: lay all pipes before backfill. Deepest first: lay and backfill this line to the bed level of UG-24 before that line. Decide the sequence against the 3 pending piles within 15 m. Where shoring is flagged, it is on the side facing the nearest structure or pile (Pieces, Nearest item). | AQ11: deeper than UG-24-S01: complete first; shared trench with UG-03-S04: start excavation with it; shared trench with UG-03-S05: start excavation with it; closure: lay after UG-02-S04 laid | AR11: =Activities!P70-Activities!Q68 -> 17 | AS11: =IF(Activities!K65=0,0,Activities!Q71-Activities!P65) -> 95
A12: UG-02 | B12: UG-02-S04 | C12: F1 | D12: GRP-UG02-S04-CH156-EL261-(-6.17/-6.72)-105m | E12: GRP | F12: 28 | G12: Run | I12: 0 | J12: 3, 8 (32 piles) | K12: =MAX(Aeration!$I$7,Aeration!$I$12) -> 46355 | L12: Yes | M12: 2 | N12: =_xlfn.MAXIFS('Piece check'!$E$6:$E$1643,'Piece check'!$B$6:$B$1643,B12) -> 2.0696095 | O12: =SUMIFS('Piece check'!$D$6:$D$1643,'Piece check'!$B$6:$B$1643,B12) -> 105.19407 | P12: -6.167762 | Q12: -6.7249699 | R12: =_xlfn.MINIFS('Piece check'!$K$6:$K$1643,'Piece check'!$B$6:$B$1643,B12) -> -6.7249699 | S12: =MAX(0,GWL-R12) -> 5.2249699 | T12: =MAX(0,NG-R12) -> 6.0249699 | U12: =SUMIFS('Piece check'!$R$6:$R$1643,'Piece check'!$B$6:$B$1643,B12) -> 105.19407 | V12: =O12-U12 -> 0 | W12: =IF(U12<0.05,"Open cut",IF(V12<0.05,"Sheet piles","Mixed: "&TEXT(U12,"0")&" m sheet piles")) -> Sheet piles | X12: =SUMIFS('Piece check'!$V$6:$V$1643,'Piece check'!$B$6:$B$1643,B12) -> 2464.8407 | Y12: =SUMIFS('Piece check'!$W$6:$W$1643,'Piece check'!$B$6:$B$1643,B12) -> 0 | Z12: =SUMIFS('Piece check'!$X$6:$X$1643,'Piece check'!$B$6:$B$1643,B12) -> 161.45235 | AA12: =SUMIFS('Piece check'!$Y$6:$Y$1643,'Piece check'!$B$6:$B$1643,B12) -> 353.88149 | AB12: =MAX(0,X12+Y12-Z12-AA12) -> 1949.5068 | AC12: =(ROUNDUP(O12/PILE_SP,0)+1)*IF(N12>=PILE_THR,PILE_N_LARGE,PILE_N_SMALL) -> 74 | AD12: =2*U12 -> 210.38815 | AE12: =IF(U12>0,ROUNDUP(T12*SHEET_RATIO,0),0) -> 13 | AF12: =AD12*AE12 -> 2735.0459 | AG12: =MAX(0,GWL-(R12-DD_BELOW)) -> 5.7249699 | AH12: =IF(AG12=0,"Not required",IF(AG12<=WP_LIMIT,"Single-stage wellpoints","Deep wells or two-stage wellpoints")) -> Deep wells or two-stage wellpoints | AI12: =MIN(_xlfn.MINIFS('Piece check'!$Z$6:$Z$1643,'Piece check'!$B$6:$B$1643,B12),_xlfn.MINIFS('Piece check'!$AA$6:$AA$1643,'Piece check'!$B$6:$B$1643,B12)) -> 1.980697 | AJ12: =MIN(_xlfn.MINIFS('Piece check'!$AB$6:$AB$1643,'Piece check'!$B$6:$B$1643,B12),_xlfn.MINIFS('Piece check'!$AC$6:$AC$1643,'Piece check'!$B$6:$B$1643,B12)) -> 3.8996933 | AK12: =IF(AJ12<FOS_FLOT,"Anchor pipe to piled slab (permanent straps)",IF(AI12<FOS_FLOT,"Keep dewatering on until fill reaches FL, or strap to slab","No extra measure")) -> No extra measure | AL12: =Activities!P73 -> 46416 | AM12: =Activities!Q82 -> 46547 | AN12: 20 | AO12: Common holds only (see Read Me). | AP12: One shared excavation and dewatering front with UG-03: lay all pipes before backfill. Deepest first: lay and backfill this line to the bed level of UG-24 before that line. Identify P0114 (no level) before excavating. Decide the sequence against the 32 pending piles within 15 m. Where shoring is flagged, it is on the side facing the nearest structure or pile (Pieces, Nearest item). | AQ12: deeper than UG-24-S01: complete first; shared trench with UG-03-S01: backfill after both laid; shared trench with UG-03-S02: backfill after both laid; shared trench with UG-03-S03: backfill after both laid; shared trench with UG-03-S04: backfill after both laid; shared trench with UG-03-S05: start excavation with it | AR12: =Activities!P81-Activities!Q79 -> 40 | AS12: =IF(Activities!K76=0,0,Activities!Q82-Activities!P76) -> 107
A13: UG-03 | B13: UG-03-S01 | C13: F1 | D13: GRP-UG03-S01-EXPST-CH066-(-5.10/-5.86)-66m | E13: GRP | F13: 28 | G13: Run | I13: 0 | K13: 0 | L13: No | M13: 3 | N13: =_xlfn.MAXIFS('Piece check'!$E$6:$E$1643,'Piece check'!$B$6:$B$1643,B13) -> 2.0412073 | O13: =SUMIFS('Piece check'!$D$6:$D$1643,'Piece check'!$B$6:$B$1643,B13) -> 66 | P13: -5.0959005 | Q13: -5.8572742 | R13: =_xlfn.MINIFS('Piece check'!$K$6:$K$1643,'Piece check'!$B$6:$B$1643,B13) -> -5.8572742 | S13: =MAX(0,GWL-R13) -> 4.3572742 | T13: =MAX(0,NG-R13) -> 5.1572742 | U13: =SUMIFS('Piece check'!$R$6:$R$1643,'Piece check'!$B$6:$B$1643,B13) -> 66 | V13: =O13-U13 -> 0 | W13: =IF(U13<0.05,"Open cut",IF(V13<0.05,"Sheet piles","Mixed: "&TEXT(U13,"0")&" m sheet piles")) -> Sheet piles | X13: =SUMIFS('Piece check'!$V$6:$V$1643,'Piece check'!$B$6:$B$1643,B13) -> 1291.1983 | Y13: =SUMIFS('Piece check'!$W$6:$W$1643,'Piece check'!$B$6:$B$1643,B13) -> 0 | Z13: =SUMIFS('Piece check'!$X$6:$X$1643,'Piece check'!$B$6:$B$1643,B13) -> 99.456497 | AA13: =SUMIFS('Piece check'!$Y$6:$Y$1643,'Piece check'!$B$6:$B$1643,B13) -> 210.87873 | AB13: =MAX(0,X13+Y13-Z13-AA13) -> 980.86309 | AC13: =(ROUNDUP(O13/PILE_SP,0)+1)*IF(N13>=PILE_THR,PILE_N_LARGE,PILE_N_SMALL) -> 46 | AD13: =2*U13 -> 132 | AE13: =IF(U13>0,ROUNDUP(T13*SHEET_RATIO,0),0) -> 11 | AF13: =AD13*AE13 -> 1452 | AG13: =MAX(0,GWL-(R13-DD_BELOW)) -> 4.8572742 | AH13: =IF(AG13=0,"Not required",IF(AG13<=WP_LIMIT,"Single-stage wellpoints","Deep wells or two-stage wellpoints")) -> Deep wells or two-stage wellpoints | AI13: =MIN(_xlfn.MINIFS('Piece check'!$Z$6:$Z$1643,'Piece check'!$B$6:$B$1643,B13),_xlfn.MINIFS('Piece check'!$AA$6:$AA$1643,'Piece check'!$B$6:$B$1643,B13)) -> 1.5922967 | AJ13: =MIN(_xlfn.MINIFS('Piece check'!$AB$6:$AB$1643,'Piece check'!$B$6:$B$1643,B13),_xlfn.MINIFS('Piece check'!$AC$6:$AC$1643,'Piece check'!$B$6:$B$1643,B13)) -> 3.5379947 | AK13: =IF(AJ13<FOS_FLOT,"Anchor pipe to piled slab (permanent straps)",IF(AI13<FOS_FLOT,"Keep dewatering on until fill reaches FL, or strap to slab","No extra measure")) -> No extra measure | AL13: =Activities!P84 -> 46430 | AM13: =Activities!Q93 -> 46551 | AN13: 21 | AO13: existing PST (not modelled): structure not in the master model, tie-in position not checked. | AP13: One shared excavation and dewatering front with UG-02: lay all pipes before backfill. Where shoring is flagged, it is on the side facing the nearest structure or pile (Pieces, Nearest item). | AQ13: deeper than UG-24-S01: complete first; shared trench with UG-02-S02: start excavation with it; shared trench with UG-02-S03: start excavation with it; shared trench with UG-02-S04: start excavation with it | AR13: =Activities!P92-Activities!Q90 -> 36 | AS13: =IF(Activities!K87=0,0,Activities!Q93-Activities!P87) -> 73
A14: UG-03 | B14: UG-03-S02 | C14: F1 | D14: GRP-UG03-S02-CH066-CH082-(-5.86/-5.99)-16m | E14: GRP | F14: 28 | G14: Run | I14: 0 | K14: 0 | L14: No | M14: 0 | N14: =_xlfn.MAXIFS('Piece check'!$E$6:$E$1643,'Piece check'!$B$6:$B$1643,B14) -> 2.0412001 | O14: =SUMIFS('Piece check'!$D$6:$D$1643,'Piece check'!$B$6:$B$1643,B14) -> 16 | P14: -5.8572742 | Q14: -5.9899469 | R14: =_xlfn.MINIFS('Piece check'!$K$6:$K$1643,'Piece check'!$B$6:$B$1643,B14) -> -5.9899469 | S14: =MAX(0,GWL-R14) -> 4.4899469 | T14: =MAX(0,NG-R14) -> 5.2899469 | U14: =SUMIFS('Piece check'!$R$6:$R$1643,'Piece check'!$B$6:$B$1643,B14) -> 16 | V14: =O14-U14 -> 0 | W14: =IF(U14<0.05,"Open cut",IF(V14<0.05,"Sheet piles","Mixed: "&TEXT(U14,"0")&" m sheet piles")) -> Sheet piles | X14: =SUMIFS('Piece check'!$V$6:$V$1643,'Piece check'!$B$6:$B$1643,B14) -> 337.75448 | Y14: =SUMIFS('Piece check'!$W$6:$W$1643,'Piece check'!$B$6:$B$1643,B14) -> 0 | Z14: =SUMIFS('Piece check'!$X$6:$X$1643,'Piece check'!$B$6:$B$1643,B14) -> 24.3296 | AA14: =SUMIFS('Piece check'!$Y$6:$Y$1643,'Piece check'!$B$6:$B$1643,B14) -> 52.357754 | AB14: =MAX(0,X14+Y14-Z14-AA14) -> 261.06713 | AC14: =(ROUNDUP(O14/PILE_SP,0)+1)*IF(N14>=PILE_THR,PILE_N_LARGE,PILE_N_SMALL) -> 14 | AD14: =2*U14 -> 32 | AE14: =IF(U14>0,ROUNDUP(T14*SHEET_RATIO,0),0) -> 11 | AF14: =AD14*AE14 -> 352 | AG14: =MAX(0,GWL-(R14-DD_BELOW)) -> 4.9899469 | AH14: =IF(AG14=0,"Not required",IF(AG14<=WP_LIMIT,"Single-stage wellpoints","Deep wells or two-stage wellpoints")) -> Deep wells or two-stage wellpoints | AI14: =MIN(_xlfn.MINIFS('Piece check'!$Z$6:$Z$1643,'Piece check'!$B$6:$B$1643,B14),_xlfn.MINIFS('Piece check'!$AA$6:$AA$1643,'Piece check'!$B$6:$B$1643,B14)) -> 1.8613686 | AJ14: =MIN(_xlfn.MINIFS('Piece check'!$AB$6:$AB$1643,'Piece check'!$B$6:$B$1643,B14),_xlfn.MINIFS('Piece check'!$AC$6:$AC$1643,'Piece check'!$B$6:$B$1643,B14)) -> 3.8070734 | AK14: =IF(AJ14<FOS_FLOT,"Anchor pipe to piled slab (permanent straps)",IF(AI14<FOS_FLOT,"Keep dewatering on until fill reaches FL, or strap to slab","No extra measure")) -> No extra measure | AL14: =Activities!P95 -> 46448 | AM14: =Activities!Q104 -> 46552 | AN14: 22 | AO14: No drawing level anchor inside the package: levels interpolated between anchors elsewhere (no longitudinal profile). | AP14: One shared excavation and dewatering front with UG-02: lay all pipes before backfill. Deepest first: lay and backfill this line to the bed level of UG-24 before that line. Where shoring is flagged, it is on the side facing the nearest structure or pile (Pieces, Nearest item). | AQ14: deeper than UG-24-S01: complete first; shared trench with UG-02-S03: start excavation with it; shared trench with UG-02-S04: start excavation with it | AR14: =Activities!P103-Activities!Q101 -> 34 | AS14: =IF(Activities!K98=0,0,Activities!Q104-Activities!P98) -> 66
A15: UG-03 | B15: UG-03-S04 | C15: F1 | D15: GRP-UG03-S04-CH168-EL175-(-6.70/-6.73)-7m | E15: GRP | F15: 28 | G15: Run | I15: 0 | K15: 0 | L15: No | M15: 2 | N15: =_xlfn.MAXIFS('Piece check'!$E$6:$E$1643,'Piece check'!$B$6:$B$1643,B15) -> 2.0695988 | O15: =SUMIFS('Piece check'!$D$6:$D$1643,'Piece check'!$B$6:$B$1643,B15) -> 6.9803857 | P15: -6.7038915 | Q15: -6.7283994 | R15: =_xlfn.MINIFS('Piece check'!$K$6:$K$1643,'Piece check'!$B$6:$B$1643,B15) -> -6.7283994 | S15: =MAX(0,GWL-R15) -> 5.2283994 | T15: =MAX(0,NG-R15) -> 6.0283994 | U15: =SUMIFS('Piece check'!$R$6:$R$1643,'Piece check'!$B$6:$B$1643,B15) -> 6.9803857 | V15: =O15-U15 -> 0 | W15: =IF(U15<0.05,"Open cut",IF(V15<0.05,"Sheet piles","Mixed: "&TEXT(U15,"0")&" m sheet piles")) -> Sheet piles | X15: =SUMIFS('Piece check'!$V$6:$V$1643,'Piece check'!$B$6:$B$1643,B15) -> 170.28837 | Y15: =SUMIFS('Piece check'!$W$6:$W$1643,'Piece check'!$B$6:$B$1643,B15) -> 0 | Z15: =SUMIFS('Piece check'!$X$6:$X$1643,'Piece check'!$B$6:$B$1643,B15) -> 10.657903 | AA15: =SUMIFS('Piece check'!$Y$6:$Y$1643,'Piece check'!$B$6:$B$1643,B15) -> 23.123403 | AB15: =MAX(0,X15+Y15-Z15-AA15) -> 136.50706 | AC15: =(ROUNDUP(O15/PILE_SP,0)+1)*IF(N15>=PILE_THR,PILE_N_LARGE,PILE_N_SMALL) -> 8 | AD15: =2*U15 -> 13.960771 | AE15: =IF(U15>0,ROUNDUP(T15*SHEET_RATIO,0),0) -> 13 | AF15: =AD15*AE15 -> 181.49003 | AG15: =MAX(0,GWL-(R15-DD_BELOW)) -> 5.7283994 | AH15: =IF(AG15=0,"Not required",IF(AG15<=WP_LIMIT,"Single-stage wellpoints","Deep wells or two-stage wellpoints")) -> Deep wells or two-stage wellpoints | AI15: =MIN(_xlfn.MINIFS('Piece check'!$Z$6:$Z$1643,'Piece check'!$B$6:$B$1643,B15),_xlfn.MINIFS('Piece check'!$AA$6:$AA$1643,'Piece check'!$B$6:$B$1643,B15)) -> 2.2677458 | AJ15: =MIN(_xlfn.MINIFS('Piece check'!$AB$6:$AB$1643,'Piece check'!$B$6:$B$1643,B15),_xlfn.MINIFS('Piece check'!$AC$6:$AC$1643,'Piece check'!$B$6:$B$1643,B15)) -> 4.1867519 | AK15: =IF(AJ15<FOS_FLOT,"Anchor pipe to piled slab (permanent straps)",IF(AI15<FOS_FLOT,"Keep dewatering on until fill reaches FL, or strap to slab","No extra measure")) -> No extra measure | AL15: =Activities!P106 -> 46460 | AM15: =Activities!Q115 -> 46554 | AN15: 23 | AO15: Common holds only (see Read Me). | AP15: One shared excavation and dewatering front with UG-02, UG-04: lay all pipes before backfill. Deepest first: lay and backfill this line to the bed level of UG-24 before that line. Where shoring is flagged, it is on the side facing the nearest structure or pile (Pieces, Nearest item). | AQ15: deeper than UG-24-S01: complete first; shared trench with UG-02-S04: start excavation with it; shared trench with UG-02-S05: backfill after both laid; shared trench with UG-04-S01: backfill after both laid; shared trench with UG-04-S02: backfill after both laid | AR15: =Activities!P114-Activities!Q112 -> 31 | AS15: =IF(Activities!K109=0,0,Activities!Q115-Activities!P109) -> 65
A16: UG-03 | B16: UG-03-S05 | C16: F1 | D16: GRP-UG03-S05-EL175-IPS-(-6.73/-6.73)-11m | E16: GRP | F16: 28 | G16: Tie-in | H16: IPS | I16: =MAX(Structures!$H$20) -> 0 | K16: 0 | L16: No | M16: 0 | N16: =_xlfn.MAXIFS('Piece check'!$E$6:$E$1643,'Piece check'!$B$6:$B$1643,B16) -> 2.0695988 | O16: =SUMIFS('Piece check'!$D$6:$D$1643,'Piece check'!$B$6:$B$1643,B16) -> 10.97878 | P16: -6.7283994 | Q16: -6.7347994 | R16: =_xlfn.MINIFS('Piece check'!$K$6:$K$1643,'Piece check'!$B$6:$B$1643,B16) -> -6.7347994 | S16: =MAX(0,GWL-R16) -> 5.2347994 | T16: =MAX(0,NG-R16) -> 6.0347994 | U16: =SUMIFS('Piece check'!$R$6:$R$1643,'Piece check'!$B$6:$B$1643,B16) -> 10.97878 | V16: =O16-U16 -> 0 | W16: =IF(U16<0.05,"Open cut",IF(V16<0.05,"Sheet piles","Mixed: "&TEXT(U16,"0")&" m sheet piles")) -> Sheet piles | X16: =SUMIFS('Piece check'!$V$6:$V$1643,'Piece check'!$B$6:$B$1643,B16) -> 269.48722 | Y16: =SUMIFS('Piece check'!$W$6:$W$1643,'Piece check'!$B$6:$B$1643,B16) -> 0 | Z16: =SUMIFS('Piece check'!$X$6:$X$1643,'Piece check'!$B$6:$B$1643,B16) -> 16.850225 | AA16: =SUMIFS('Piece check'!$Y$6:$Y$1643,'Piece check'!$B$6:$B$1643,B16) -> 36.933146 | AB16: =MAX(0,X16+Y16-Z16-AA16) -> 215.70385 | AC16: =(ROUNDUP(O16/PILE_SP,0)+1)*IF(N16>=PILE_THR,PILE_N_LARGE,PILE_N_SMALL) -> 10 | AD16: =2*U16 -> 21.95756 | AE16: =IF(U16>0,ROUNDUP(T16*SHEET_RATIO,0),0) -> 13 | AF16: =AD16*AE16 -> 285.44828 | AG16: =MAX(0,GWL-(R16-DD_BELOW)) -> 5.7347994 | AH16: =IF(AG16=0,"Not required",IF(AG16<=WP_LIMIT,"Single-stage wellpoints","Deep wells or two-stage wellpoints")) -> Deep wells or two-stage wellpoints | AI16: =MIN(_xlfn.MINIFS('Piece check'!$Z$6:$Z$1643,'Piece check'!$B$6:$B$1643,B16),_xlfn.MINIFS('Piece check'!$AA$6:$AA$1643,'Piece check'!$B$6:$B$1643,B16)) -> 2.2686652 | AJ16: =MIN(_xlfn.MINIFS('Piece check'!$AB$6:$AB$1643,'Piece check'!$B$6:$B$1643,B16),_xlfn.MINIFS('Piece check'!$AC$6:$AC$1643,'Piece check'!$B$6:$B$1643,B16)) -> 4.1876713 | AK16: =IF(AJ16<FOS_FLOT,"Anchor pipe to piled slab (permanent straps)",IF(AI16<FOS_FLOT,"Keep dewatering on until fill reaches FL, or strap to slab","No extra measure")) -> No extra measure | AL16: =Activities!P117 -> 46464 | AM16: =Activities!Q126 -> 46533 | AN16: 24 | AO16: Common holds only (see Read Me). | AP16: IPS wall and penetration built; its excavation backfilled to pipe zone. Lay as the closure to the structure. One shared excavation and dewatering front with UG-02, UG-04: lay all pipes before backfill. Deepest first: lay and backfill this line to the bed level of UG-24 before that line. Where shoring is flagged, it is on the side facing the nearest structure or pile (Pieces, Nearest item). | AQ16: deeper than UG-24-S01: complete first; shared trench with UG-02-S04: backfill after both laid; shared trench with UG-02-S05: backfill after both laid; shared trench with UG-04-S01: backfill after both laid; shared trench with UG-04-S02: backfill after both laid; closure: lay after UG-03-S04 laid | AR16: =Activities!P125-Activities!Q123 -> 5 | AS16: =IF(Activities!K120=0,0,Activities!Q126-Activities!P120) -> 66
A17: UG-04 | B17: UG-04-S01 | C17: F1 | D17: GRP-UG04-S01-EXPST-EL010-(-5.09/-5.86)-10m | E17: GRP | F17: 28 | G17: Run | I17: 0 | K17: 0 | L17: No | M17: 5 | N17: =_xlfn.MAXIFS('Piece check'!$E$6:$E$1643,'Piece check'!$B$6:$B$1643,B17) -> 2.0695977 | O17: =SUMIFS('Piece check'!$D$6:$D$1643,'Piece check'!$B$6:$B$1643,B17) -> 10.30969 | P17: -5.0857988 | Q17: -5.8621688 | R17: =_xlfn.MINIFS('Piece check'!$K$6:$K$1643,'Piece check'!$B$6:$B$1643,B17) -> -5.8621688 | S17: =MAX(0,GWL-R17) -> 4.3621688 | T17: =MAX(0,NG-R17) -> 5.1621688 | U17: =SUMIFS('Piece check'!$R$6:$R$1643,'Piece check'!$B$6:$B$1643,B17) -> 10.30969 | V17: =O17-U17 -> 0 | W17: =IF(U17<0.05,"Open cut",IF(V17<0.05,"Sheet piles","Mixed: "&TEXT(U17,"0")&" m sheet piles")) -> Sheet piles | X17: =SUMIFS('Piece check'!$V$6:$V$1643,'Piece check'!$B$6:$B$1643,B17) -> 191.57407 | Y17: =SUMIFS('Piece check'!$W$6:$W$1643,'Piece check'!$B$6:$B$1643,B17) -> 0 | Z17: =SUMIFS('Piece check'!$X$6:$X$1643,'Piece check'!$B$6:$B$1643,B17) -> 14.957372 | AA17: =SUMIFS('Piece check'!$Y$6:$Y$1643,'Piece check'!$B$6:$B$1643,B17) -> 29.765153 | AB17: =MAX(0,X17+Y17-Z17-AA17) -> 146.85155 | AC17: =(ROUNDUP(O17/PILE_SP,0)+1)*IF(N17>=PILE_THR,PILE_N_LARGE,PILE_N_SMALL) -> 10 | AD17: =2*U17 -> 20.619381 | AE17: =IF(U17>0,ROUNDUP(T17*SHEET_RATIO,0),0) -> 11 | AF17: =AD17*AE17 -> 226.81319 | AG17: =MAX(0,GWL-(R17-DD_BELOW)) -> 4.8621688 | AH17: =IF(AG17=0,"Not required",IF(AG17<=WP_LIMIT,"Single-stage wellpoints","Deep wells or two-stage wellpoints")) -> Deep wells or two-stage wellpoints | AI17: =MIN(_xlfn.MINIFS('Piece check'!$Z$6:$Z$1643,'Piece check'!$B$6:$B$1643,B17),_xlfn.MINIFS('Piece check'!$AA$6:$AA$1643,'Piece check'!$B$6:$B$1643,B17)) -> 1.5922993 | AJ17: =MIN(_xlfn.MINIFS('Piece check'!$AB$6:$AB$1643,'Piece check'!$B$6:$B$1643,B17),_xlfn.MINIFS('Piece check'!$AC$6:$AC$1643,'Piece check'!$B$6:$B$1643,B17)) -> 3.5379997 | AK17: =IF(AJ17<FOS_FLOT,"Anchor pipe to piled slab (permanent straps)",IF(AI17<FOS_FLOT,"Keep dewatering on until fill reaches FL, or strap to slab","No extra measure")) -> No extra measure | AL17: =Activities!P128 -> 46464 | AM17: =Activities!Q137 -> 46556 | AN17: 25 | AO17: existing PST (not modelled): structure not in the master model, tie-in position not checked. | AP17: One shared excavation and dewatering front with UG-03: lay all pipes before backfill. Deepest first: lay and backfill this line to the bed level of UG-24 before that line. Where shoring is flagged, it is on the side facing the nearest structure or pile (Pieces, Nearest item). | AQ17: deeper than UG-24-S01: complete first; shared trench with UG-03-S04: start excavation with it; shared trench with UG-03-S05: start excavation with it | AR17: =Activities!P136-Activities!Q134 -> 28 | AS17: =IF(Activities!K131=0,0,Activities!Q137-Activities!P131) -> 65
A18: UG-04 | B18: UG-04-S02 | C18: F1 | D18: GRP-UG04-S02-EL010-IPS-(-5.86/-6.73)-12m | E18: GRP | F18: 28 | G18: Tie-in | H18: IPS | I18: =MAX(Structures!$H$20) -> 0 | K18: 0 | L18: No | M18: 0 | N18: =_xlfn.MAXIFS('Piece check'!$E$6:$E$1643,'Piece check'!$B$6:$B$1643,B18) -> 2.0695977 | O18: =SUMIFS('Piece check'!$D$6:$D$1643,'Piece check'!$B$6:$B$1643,B18) -> 12.3452 | P18: -5.8621688 | Q18: -6.7347988 | R18: =_xlfn.MINIFS('Piece check'!$K$6:$K$1643,'Piece check'!$B$6:$B$1643,B18) -> -6.7347988 | S18: =MAX(0,GWL-R18) -> 5.2347988 | T18: =MAX(0,NG-R18) -> 6.0347988 | U18: =SUMIFS('Piece check'!$R$6:$R$1643,'Piece check'!$B$6:$B$1643,B18) -> 12.3452 | V18: =O18-U18 -> 0 | W18: =IF(U18<0.05,"Open cut",IF(V18<0.05,"Sheet piles","Mixed: "&TEXT(U18,"0")&" m sheet piles")) -> Sheet piles | X18: =SUMIFS('Piece check'!$V$6:$V$1643,'Piece check'!$B$6:$B$1643,B18) -> 281.26785 | Y18: =SUMIFS('Piece check'!$W$6:$W$1643,'Piece check'!$B$6:$B$1643,B18) -> 0 | Z18: =SUMIFS('Piece check'!$X$6:$X$1643,'Piece check'!$B$6:$B$1643,B18) -> 18.947399 | AA18: =SUMIFS('Piece check'!$Y$6:$Y$1643,'Piece check'!$B$6:$B$1643,B18) -> 41.529802 | AB18: =MAX(0,X18+Y18-Z18-AA18) -> 220.79065 | AC18: =(ROUNDUP(O18/PILE_SP,0)+1)*IF(N18>=PILE_THR,PILE_N_LARGE,PILE_N_SMALL) -> 12 | AD18: =2*U18 -> 24.6904 | AE18: =IF(U18>0,ROUNDUP(T18*SHEET_RATIO,0),0) -> 13 | AF18: =AD18*AE18 -> 320.9752 | AG18: =MAX(0,GWL-(R18-DD_BELOW)) -> 5.7347988 | AH18: =IF(AG18=0,"Not required",IF(AG18<=WP_LIMIT,"Single-stage wellpoints","Deep wells or two-stage wellpoints")) -> Deep wells or two-stage wellpoints | AI18: =MIN(_xlfn.MINIFS('Piece check'!$Z$6:$Z$1643,'Piece check'!$B$6:$B$1643,B18),_xlfn.MINIFS('Piece check'!$AA$6:$AA$1643,'Piece check'!$B$6:$B$1643,B18)) -> 1.8237566 | AJ18: =MIN(_xlfn.MINIFS('Piece check'!$AB$6:$AB$1643,'Piece check'!$B$6:$B$1643,B18),_xlfn.MINIFS('Piece check'!$AC$6:$AC$1643,'Piece check'!$B$6:$B$1643,B18)) -> 3.7427639 | AK18: =IF(AJ18<FOS_FLOT,"Anchor pipe to piled slab (permanent straps)",IF(AI18<FOS_FLOT,"Keep dewatering on until fill reaches FL, or strap to slab","No extra measure")) -> No extra measure | AL18: =Activities!P139 -> 46467 | AM18: =Activities!Q148 -> 46535 | AN18: 26 | AO18: Common holds only (see Read Me). | AP18: IPS wall and penetration built; its excavation backfilled to pipe zone. Lay as the closure to the structure. One shared excavation and dewatering front with UG-03: lay all pipes before backfill. Deepest first: lay and backfill this line to the bed level of UG-24 before that line. Where shoring is flagged, it is on the side facing the nearest structure or pile (Pieces, Nearest item). | AQ18: deeper than UG-24-S01: complete first; deeper than UG-24-S02: complete first; shared trench with UG-03-S04: start excavation with it; shared trench with UG-03-S05: start excavation with it; closure: lay after UG-04-S01 laid | AR18: =Activities!P147-Activities!Q145 -> -1 | AS18: =IF(Activities!K142=0,0,Activities!Q148-Activities!P142) -> 64
A19: UG-03 | B19: UG-03-S03 | C19: F1 | D19: GRP-UG03-S03-CH082-CH168-(-5.99/-6.70)-86m | E19: GRP | F19: 28 | G19: Run | I19: 0 | K19: 0 | L19: Yes | M19: 0 | N19: =_xlfn.MAXIFS('Piece check'!$E$6:$E$1643,'Piece check'!$B$6:$B$1643,B19) -> 2.0412001 | O19: =SUMIFS('Piece check'!$D$6:$D$1643,'Piece check'!$B$6:$B$1643,B19) -> 86.1 | P19: -5.9899469 | Q19: -6.7038915 | R19: =_xlfn.MINIFS('Piece check'!$K$6:$K$1643,'Piece check'!$B$6:$B$1643,B19) -> -6.7038915 | S19: =MAX(0,GWL-R19) -> 5.2038915 | T19: =MAX(0,NG-R19) -> 6.0038915 | U19: =SUMIFS('Piece check'!$R$6:$R$1643,'Piece check'!$B$6:$B$1643,B19) -> 86.1 | V19: =O19-U19 -> 0 | W19: =IF(U19<0.05,"Open cut",IF(V19<0.05,"Sheet piles","Mixed: "&TEXT(U19,"0")&" m sheet piles")) -> Sheet piles | X19: =SUMIFS('Piece check'!$V$6:$V$1643,'Piece check'!$B$6:$B$1643,B19) -> 1964.8304 | Y19: =SUMIFS('Piece check'!$W$6:$W$1643,'Piece check'!$B$6:$B$1643,B19) -> 0 | Z19: =SUMIFS('Piece check'!$X$6:$X$1643,'Piece check'!$B$6:$B$1643,B19) -> 130.92366 | AA19: =SUMIFS('Piece check'!$Y$6:$Y$1643,'Piece check'!$B$6:$B$1643,B19) -> 281.75016 | AB19: =MAX(0,X19+Y19-Z19-AA19) -> 1552.1566 | AC19: =(ROUNDUP(O19/PILE_SP,0)+1)*IF(N19>=PILE_THR,PILE_N_LARGE,PILE_N_SMALL) -> 60 | AD19: =2*U19 -> 172.2 | AE19: =IF(U19>0,ROUNDUP(T19*SHEET_RATIO,0),0) -> 13 | AF19: =AD19*AE19 -> 2238.6 | AG19: =MAX(0,GWL-(R19-DD_BELOW)) -> 5.7038915 | AH19: =IF(AG19=0,"Not required",IF(AG19<=WP_LIMIT,"Single-stage wellpoints","Deep wells or two-stage wellpoints")) -> Deep wells or two-stage wellpoints | AI19: =MIN(_xlfn.MINIFS('Piece check'!$Z$6:$Z$1643,'Piece check'!$B$6:$B$1643,B19),_xlfn.MINIFS('Piece check'!$AA$6:$AA$1643,'Piece check'!$B$6:$B$1643,B19)) -> 1.9304595 | AJ19: =MIN(_xlfn.MINIFS('Piece check'!$AB$6:$AB$1643,'Piece check'!$B$6:$B$1643,B19),_xlfn.MINIFS('Piece check'!$AC$6:$AC$1643,'Piece check'!$B$6:$B$1643,B19)) -> 3.8761643 | AK19: =IF(AJ19<FOS_FLOT,"Anchor pipe to piled slab (permanent straps)",IF(AI19<FOS_FLOT,"Keep dewatering on until fill reaches FL, or strap to slab","No extra measure")) -> No extra measure | AL19: =Activities!P150 -> 46467 | AM19: =Activities!Q159 -> 46562 | AN19: 27 | AO19: No drawing level anchor inside the package: levels interpolated between anchors elsewhere (no longitudinal profile). | AP19: One shared excavation and dewatering front with UG-02: lay all pipes before backfill. Identify P0117 (no level) before excavating. Where shoring is flagged, it is on the side facing the nearest structure or pile (Pieces, Nearest item). | AQ19: deeper than UG-24-S01: complete first; shared trench with UG-02-S04: start excavation with it | AR19: =Activities!P158-Activities!Q156 -> 17 | AS19: =IF(Activities!K153=0,0,Activities!Q159-Activities!P153) -> 71
A20: UG-02 | B20: UG-02-S01 | C20: F1 | D20: GRP-UG02-S01-PST08-EL013-(-5.10/-5.38)-13m | E20: GRP | F20: 28 | G20: Tie-in | H20: PST08 | I20: =MAX(Structures!$H$22) -> 0 | K20: 0 | L20: No | M20: 3 | N20: =_xlfn.MAXIFS('Piece check'!$E$6:$E$1643,'Piece check'!$B$6:$B$1643,B20) -> 2.0696095 | O20: =SUMIFS('Piece check'!$D$6:$D$1643,'Piece check'!$B$6:$B$1643,B20) -> 13.052495 | P20: -5.0959005 | Q20: -5.3769047 | R20: =_xlfn.MINIFS('Piece check'!$K$6:$K$1643,'Piece check'!$B$6:$B$1643,B20) -> -5.3769047 | S20: =MAX(0,GWL-R20) -> 3.8769047 | T20: =MAX(0,NG-R20) -> 4.6769047 | U20: =SUMIFS('Piece check'!$R$6:$R$1643,'Piece check'!$B$6:$B$1643,B20) -> 13.052495 | V20: =O20-U20 -> 0 | W20: =IF(U20<0.05,"Open cut",IF(V20<0.05,"Sheet piles","Mixed: "&TEXT(U20,"0")&" m sheet piles")) -> Sheet piles | X20: =SUMIFS('Piece check'!$V$6:$V$1643,'Piece check'!$B$6:$B$1643,B20) -> 232.24979 | Y20: =SUMIFS('Piece check'!$W$6:$W$1643,'Piece check'!$B$6:$B$1643,B20) -> 0 | Z20: =SUMIFS('Piece check'!$X$6:$X$1643,'Piece check'!$B$6:$B$1643,B20) -> 18.852649 | AA20: =SUMIFS('Piece check'!$Y$6:$Y$1643,'Piece check'!$B$6:$B$1643,B20) -> 37.186863 | AB20: =MAX(0,X20+Y20-Z20-AA20) -> 176.21028 | AC20: =(ROUNDUP(O20/PILE_SP,0)+1)*IF(N20>=PILE_THR,PILE_N_LARGE,PILE_N_SMALL) -> 12 | AD20: =2*U20 -> 26.10499 | AE20: =IF(U20>0,ROUNDUP(T20*SHEET_RATIO,0),0) -> 10 | AF20: =AD20*AE20 -> 261.0499 | AG20: =MAX(0,GWL-(R20-DD_BELOW)) -> 4.3769047 | AH20: =IF(AG20=0,"Not required",IF(AG20<=WP_LIMIT,"Single-stage wellpoints","Deep wells or two-stage wellpoints")) -> Single-stage wellpoints | AI20: =MIN(_xlfn.MINIFS('Piece check'!$Z$6:$Z$1643,'Piece check'!$B$6:$B$1643,B20),_xlfn.MINIFS('Piece check'!$AA$6:$AA$1643,'Piece check'!$B$6:$B$1643,B20)) -> 1.5631615 | AJ20: =MIN(_xlfn.MINIFS('Piece check'!$AB$6:$AB$1643,'Piece check'!$B$6:$B$1643,B20),_xlfn.MINIFS('Piece check'!$AC$6:$AC$1643,'Piece check'!$B$6:$B$1643,B20)) -> 3.4821673 | AK20: =IF(AJ20<FOS_FLOT,"Anchor pipe to piled slab (permanent straps)",IF(AI20<FOS_FLOT,"Keep dewatering on until fill reaches FL, or strap to slab","No extra measure")) -> No extra measure | AL20: =Activities!P161 -> 46416 | AM20: =Activities!Q170 -> 46475 | AN20: 28 | AO20: Common holds only (see Read Me). | AP20: PST basin 08 wall and penetration built; its excavation backfilled to pipe zone. Lay as the closure to the structure. Where shoring is flagged, it is on the side facing the nearest structure or pile (Pieces, Nearest item). | AQ20: closure: lay after UG-02-S02 laid | AR20: =Activities!P169-Activities!Q167 -> -2 | AS20: =IF(Activities!K164=0,0,Activities!Q170-Activities!P164) -> 55
A21: UG-06 | B21: UG-06-S02 | C21: F2 | D21: GRP-UG06-S02-EL021-CH049-(-4.05/-4.05)-28m | E21: GRP | F21: 28 | G21: Run | I21: 0 | K21: 0 | L21: No | M21: 0 | N21: =_xlfn.MAXIFS('Piece check'!$E$6:$E$1643,'Piece check'!$B$6:$B$1643,B21) -> 2.2489961 | O21: =SUMIFS('Piece check'!$D$6:$D$1643,'Piece check'!$B$6:$B$1643,B21) -> 27.915391 | P21: -4.054498 | Q21: -4.054498 | R21: =_xlfn.MINIFS('Piece check'!$K$6:$K$1643,'Piece check'!$B$6:$B$1643,B21) -> -4.054498 | S21: =MAX(0,GWL-R21) -> 2.554498 | T21: =MAX(0,NG-R21) -> 3.354498 | U21: =SUMIFS('Piece check'!$R$6:$R$1643,'Piece check'!$B$6:$B$1643,B21) -> 27.915391 | V21: =O21-U21 -> 0 | W21: =IF(U21<0.05,"Open cut",IF(V21<0.05,"Sheet piles","Mixed: "&TEXT(U21,"0")&" m sheet piles")) -> Sheet piles | X21: =SUMIFS('Piece check'!$V$6:$V$1643,'Piece check'!$B$6:$B$1643,B21) -> 397.88502 | Y21: =SUMIFS('Piece check'!$W$6:$W$1643,'Piece check'!$B$6:$B$1643,B21) -> 0 | Z21: =SUMIFS('Piece check'!$X$6:$X$1643,'Piece check'!$B$6:$B$1643,B21) -> 45.348498 | AA21: =SUMIFS('Piece check'!$Y$6:$Y$1643,'Piece check'!$B$6:$B$1643,B21) -> 110.89475 | AB21: =MAX(0,X21+Y21-Z21-AA21) -> 241.64177 | AC21: =(ROUNDUP(O21/PILE_SP,0)+1)*IF(N21>=PILE_THR,PILE_N_LARGE,PILE_N_SMALL) -> 22 | AD21: =2*U21 -> 55.830783 | AE21: =IF(U21>0,ROUNDUP(T21*SHEET_RATIO,0),0) -> 7 | AF21: =AD21*AE21 -> 390.81548 | AG21: =MAX(0,GWL-(R21-DD_BELOW)) -> 3.054498 | AH21: =IF(AG21=0,"Not required",IF(AG21<=WP_LIMIT,"Single-stage wellpoints","Deep wells or two-stage wellpoints")) -> Single-stage wellpoints | AI21: =MIN(_xlfn.MINIFS('Piece check'!$Z$6:$Z$1643,'Piece check'!$B$6:$B$1643,B21),_xlfn.MINIFS('Piece check'!$AA$6:$AA$1643,'Piece check'!$B$6:$B$1643,B21)) -> 0.62898527 | AJ21: =MIN(_xlfn.MINIFS('Piece check'!$AB$6:$AB$1643,'Piece check'!$B$6:$B$1643,B21),_xlfn.MINIFS('Piece check'!$AC$6:$AC$1643,'Piece check'!$B$6:$B$1643,B21)) -> 2.3949167 | AK21: =IF(AJ21<FOS_FLOT,"Anchor pipe to piled slab (permanent straps)",IF(AI21<FOS_FLOT,"Keep dewatering on until fill reaches FL, or strap to slab","No extra measure")) -> Keep dewatering on until fill reaches FL, or strap to slab | AL21: =Activities!P172 -> 46357 | AM21: =Activities!Q181 -> 46386 | AN21: 175 | AO21: No drawing level anchor inside the package: levels interpolated between anchors elsewhere (no longitudinal profile). R007: Embedded prior source review identifies plan/section level differences at shown locations. R011: Component material HDPE differs from scheduled whole-line material GRP. | AP21: Where shoring is flagged, it is on the side facing the nearest structure or pile (Pieces, Nearest item). | AQ21: None | AR21: =Activities!P180-Activities!Q178 -> -3 | AS21: =IF(Activities!K175=0,0,Activities!Q181-Activities!P175) -> 25
A22: UG-25 | B22: UG-25-S01 | C22: F2 | D22: GRP-UG25-S01-BYPCH-OUTF-(-4.55/-4.70)-495m | E22: GRP | F22: 28 | G22: Run | I22: 0 | K22: 0 | L22: No | M22: 11 | N22: =_xlfn.MAXIFS('Piece check'!$E$6:$E$1643,'Piece check'!$B$6:$B$1643,B22) -> 2.483601 | O22: =SUMIFS('Piece check'!$D$6:$D$1643,'Piece check'!$B$6:$B$1643,B22) -> 495.21718 | P22: -4.5518005 | Q22: -4.7018 | R22: =_xlfn.MINIFS('Piece check'!$K$6:$K$1643,'Piece check'!$B$6:$B$1643,B22) -> -4.7018 | S22: =MAX(0,GWL-R22) -> 3.2018 | T22: =MAX(0,NG-R22) -> 4.0018 | U22: =SUMIFS('Piece check'!$R$6:$R$1643,'Piece check'!$B$6:$B$1643,B22) -> 495.21718 | V22: =O22-U22 -> 0 | W22: =IF(U22<0.05,"Open cut",IF(V22<0.05,"Sheet piles","Mixed: "&TEXT(U22,"0")&" m sheet piles")) -> Sheet piles | X22: =SUMIFS('Piece check'!$V$6:$V$1643,'Piece check'!$B$6:$B$1643,B22) -> 8609.0665 | Y22: =SUMIFS('Piece check'!$W$6:$W$1643,'Piece check'!$B$6:$B$1643,B22) -> 0 | Z22: =SUMIFS('Piece check'!$X$6:$X$1643,'Piece check'!$B$6:$B$1643,B22) -> 862.25911 | AA22: =SUMIFS('Piece check'!$Y$6:$Y$1643,'Piece check'!$B$6:$B$1643,B22) -> 2396.6977 | AB22: =MAX(0,X22+Y22-Z22-AA22) -> 5350.1097 | AC22: =(ROUNDUP(O22/PILE_SP,0)+1)*IF(N22>=PILE_THR,PILE_N_LARGE,PILE_N_SMALL) -> 334 | AD22: =2*U22 -> 990.43437 | AE22: =IF(U22>0,ROUNDUP(T22*SHEET_RATIO,0),0) -> 9 | AF22: =AD22*AE22 -> 8913.9093 | AG22: =MAX(0,GWL-(R22-DD_BELOW)) -> 3.7018 | AH22: =IF(AG22=0,"Not required",IF(AG22<=WP_LIMIT,"Single-stage wellpoints","Deep wells or two-stage wellpoints")) -> Single-stage wellpoints | AI22: =MIN(_xlfn.MINIFS('Piece check'!$Z$6:$Z$1643,'Piece check'!$B$6:$B$1643,B22),_xlfn.MINIFS('Piece check'!$AA$6:$AA$1643,'Piece check'!$B$6:$B$1643,B22)) -> 0.78171579 | AJ22: =MIN(_xlfn.MINIFS('Piece check'!$AB$6:$AB$1643,'Piece check'!$B$6:$B$1643,B22),_xlfn.MINIFS('Piece check'!$AC$6:$AC$1643,'Piece check'!$B$6:$B$1643,B22)) -> 2.3808345 | AK22: =IF(AJ22<FOS_FLOT,"Anchor pipe to piled slab (permanent straps)",IF(AI22<FOS_FLOT,"Keep dewatering on until fill reaches FL, or strap to slab","No extra measure")) -> Keep dewatering on until fill reaches FL, or strap to slab | AL22: =Activities!P183 -> 46358 | AM22: =Activities!Q192 -> 46522 | AN22: 176 | AO22: R046: Component material HDPE differs from scheduled whole-line material GRP. Flow direction: levels: higher end taken as upstream (gravity assumption). overflow bypass chamber (not modelled): structure not in the master model, tie-in position not checked. outfall chamber (not modelled): structure not in the master model, tie-in position not checked. | AP22: One shared excavation and dewatering front with UG-26: lay all pipes before backfill. Where shoring is flagged, it is on the side facing the nearest structure or pile (Pieces, Nearest item). | AQ22: shared trench with UG-05-S05: backfill after both laid; shared trench with UG-06-S05: backfill after both laid; shared trench with UG-26-S01: backfill after both laid | AR22: =Activities!P191-Activities!Q189 -> 61 | AS22: =IF(Activities!K186=0,0,Activities!Q192-Activities!P186) -> 140
A23: UG-26 | B23: UG-26-S01 | C23: F2 | D23: GRP-UG26-S01-BYPCH-OUTF-(-4.19/-4.56)-496m | E23: GRP | F23: 28 | G23: Run | I23: 0 | K23: 0 | L23: No | M23: 6 | N23: =_xlfn.MAXIFS('Piece check'!$E$6:$E$1643,'Piece check'!$B$6:$B$1643,B23) -> 2.4835995 | O23: =SUMIFS('Piece check'!$D$6:$D$1643,'Piece check'!$B$6:$B$1643,B23) -> 495.71458 | P23: -4.1917955 | Q23: -4.5617973 | R23: =_xlfn.MINIFS('Piece check'!$K$6:$K$1643,'Piece check'!$B$6:$B$1643,B23) -> -4.561798 | S23: =MAX(0,GWL-R23) -> 3.061798 | T23: =MAX(0,NG-R23) -> 3.861798 | U23: =SUMIFS('Piece check'!$R$6:$R$1643,'Piece check'!$B$6:$B$1643,B23) -> 495.71458 | V23: =O23-U23 -> 0 | W23: =IF(U23<0.05,"Open cut",IF(V23<0.05,"Sheet piles","Mixed: "&TEXT(U23,"0")&" m sheet piles")) -> Sheet piles | X23: =SUMIFS('Piece check'!$V$6:$V$1643,'Piece check'!$B$6:$B$1643,B23) -> 8189.5843 | Y23: =SUMIFS('Piece check'!$W$6:$W$1643,'Piece check'!$B$6:$B$1643,B23) -> 0 | Z23: =SUMIFS('Piece check'!$X$6:$X$1643,'Piece check'!$B$6:$B$1643,B23) -> 863.43426 | AA23: =SUMIFS('Piece check'!$Y$6:$Y$1643,'Piece check'!$B$6:$B$1643,B23) -> 2401.5018 | AB23: =MAX(0,X23+Y23-Z23-AA23) -> 4924.6483 | AC23: =(ROUNDUP(O23/PILE_SP,0)+1)*IF(N23>=PILE_THR,PILE_N_LARGE,PILE_N_SMALL) -> 334 | AD23: =2*U23 -> 991.42915 | AE23: =IF(U23>0,ROUNDUP(T23*SHEET_RATIO,0),0) -> 8 | AF23: =AD23*AE23 -> 7931.4332 | AG23: =MAX(0,GWL-(R23-DD_BELOW)) -> 3.561798 | AH23: =IF(AG23=0,"Not required",IF(AG23<=WP_LIMIT,"Single-stage wellpoints","Deep wells or two-stage wellpoints")) -> Single-stage wellpoints | AI23: =MIN(_xlfn.MINIFS('Piece check'!$Z$6:$Z$1643,'Piece check'!$B$6:$B$1643,B23),_xlfn.MINIFS('Piece check'!$AA$6:$AA$1643,'Piece check'!$B$6:$B$1643,B23)) -> 0.44982874 | AJ23: =MIN(_xlfn.MINIFS('Piece check'!$AB$6:$AB$1643,'Piece check'!$B$6:$B$1643,B23),_xlfn.MINIFS('Piece check'!$AC$6:$AC$1643,'Piece check'!$B$6:$B$1643,B23)) -> 2.0489539 | AK23: =IF(AJ23<FOS_FLOT,"Anchor pipe to piled slab (permanent straps)",IF(AI23<FOS_FLOT,"Keep dewatering on until fill reaches FL, or strap to slab","No extra measure")) -> Keep dewatering on until fill reaches FL, or strap to slab | AL23: =Activities!P194 -> 46362 | AM23: =Activities!Q203 -> 46532 | AN23: 177 | AO23: Flow direction: levels: higher end taken as upstream (gravity assumption). overflow bypass chamber (not modelled): structure not in the master model, tie-in position not checked. outfall chamber (not modelled): structure not in the master model, tie-in position not checked. | AP23: One shared excavation and dewatering front with UG-25: lay all pipes before backfill. Where shoring is flagged, it is on the side facing the nearest structure or pile (Pieces, Nearest item). | AQ23: shared trench with UG-05-S05: backfill after both laid; shared trench with UG-06-S05: backfill after both laid; shared trench with UG-25-S01: start excavation with it | AR23: =Activities!P202-Activities!Q200 -> 32 | AS23: =IF(Activities!K197=0,0,Activities!Q203-Activities!P197) -> 110
A24: UG-06 | B24: UG-06-S05 | C24: F2 | D24: GRP-UG06-S05-CH278-CHUG25-(-4.13/-4.12)-22m | E24: GRP | F24: 28 | G24: Run | I24: 0 | K24: 0 | L24: No | M24: 0 | N24: =_xlfn.MAXIFS('Piece check'!$E$6:$E$1643,'Piece check'!$B$6:$B$1643,B24) -> 2.2490004 | O24: =SUMIFS('Piece check'!$D$6:$D$1643,'Piece check'!$B$6:$B$1643,B24) -> 22.107202 | P24: -4.1258546 | Q24: -4.1245002 | R24: =_xlfn.MINIFS('Piece check'!$K$6:$K$1643,'Piece check'!$B$6:$B$1643,B24) -> -4.1258546 | S24: =MAX(0,GWL-R24) -> 2.6258546 | T24: =MAX(0,NG-R24) -> 3.4258546 | U24: =SUMIFS('Piece check'!$R$6:$R$1643,'Piece check'!$B$6:$B$1643,B24) -> 22.107202 | V24: =O24-U24 -> 0 | W24: =IF(U24<0.05,"Open cut",IF(V24<0.05,"Sheet piles","Mixed: "&TEXT(U24,"0")&" m sheet piles")) -> Sheet piles | X24: =SUMIFS('Piece check'!$V$6:$V$1643,'Piece check'!$B$6:$B$1643,B24) -> 321.73894 | Y24: =SUMIFS('Piece check'!$W$6:$W$1643,'Piece check'!$B$6:$B$1643,B24) -> 0 | Z24: =SUMIFS('Piece check'!$X$6:$X$1643,'Piece check'!$B$6:$B$1643,B24) -> 35.913154 | AA24: =SUMIFS('Piece check'!$Y$6:$Y$1643,'Piece check'!$B$6:$B$1643,B24) -> 87.82188 | AB24: =MAX(0,X24+Y24-Z24-AA24) -> 198.00391 | AC24: =(ROUNDUP(O24/PILE_SP,0)+1)*IF(N24>=PILE_THR,PILE_N_LARGE,PILE_N_SMALL) -> 18 | AD24: =2*U24 -> 44.214404 | AE24: =IF(U24>0,ROUNDUP(T24*SHEET_RATIO,0),0) -> 7 | AF24: =AD24*AE24 -> 309.50083 | AG24: =MAX(0,GWL-(R24-DD_BELOW)) -> 3.1258546 | AH24: =IF(AG24=0,"Not required",IF(AG24<=WP_LIMIT,"Single-stage wellpoints","Deep wells or two-stage wellpoints")) -> Single-stage wellpoints | AI24: =MIN(_xlfn.MINIFS('Piece check'!$Z$6:$Z$1643,'Piece check'!$B$6:$B$1643,B24),_xlfn.MINIFS('Piece check'!$AA$6:$AA$1643,'Piece check'!$B$6:$B$1643,B24)) -> 0.70169649 | AJ24: =MIN(_xlfn.MINIFS('Piece check'!$AB$6:$AB$1643,'Piece check'!$B$6:$B$1643,B24),_xlfn.MINIFS('Piece check'!$AC$6:$AC$1643,'Piece check'!$B$6:$B$1643,B24)) -> 2.4676245 | AK24: =IF(AJ24<FOS_FLOT,"Anchor pipe to piled slab (permanent straps)",IF(AI24<FOS_FLOT,"Keep dewatering on until fill reaches FL, or strap to slab","No extra measure")) -> Keep dewatering on until fill reaches FL, or strap to slab | AL24: =Activities!P205 -> 46402 | AM24: =Activities!Q214 -> 46519 | AN24: 178 | AO24: R007: Embedded prior source review identifies plan/section level differences at shown locations. chamber connecting UG-25 (not modelled): structure not in the master model, tie-in position not checked. | AP24: One shared excavation and dewatering front with UG-05: lay all pipes before backfill. Where shoring is flagged, it is on the side facing the nearest structure or pile (Pieces, Nearest item). | AQ24: deeper than UG-12A-S03: complete first; shared trench with UG-05-S04: backfill after both laid; shared trench with UG-05-S05: backfill after both laid; shared trench with UG-25-S01: start excavation with it; shared trench with UG-26-S01: start excavation with it | AR24: =Activities!P213-Activities!Q211 -> 38 | AS24: =IF(Activities!K208=0,0,Activities!Q214-Activities!P208) -> 73
A25: UG-06 | B25: UG-06-S04 | C25: F2 | D25: GRP-UG06-S04-CH147-CH278-(-4.13/-4.13)-130m | E25: GRP | F25: 28 | G25: Run | I25: 0 | K25: 0 | L25: No | M25: 0 | N25: =_xlfn.MAXIFS('Piece check'!$E$6:$E$1643,'Piece check'!$B$6:$B$1643,B25) -> 2.2490004 | O25: =SUMIFS('Piece check'!$D$6:$D$1643,'Piece check'!$B$6:$B$1643,B25) -> 130.4 | P25: -4.1338439 | Q25: -4.1258546 | R25: =_xlfn.MINIFS('Piece check'!$K$6:$K$1643,'Piece check'!$B$6:$B$1643,B25) -> -4.1338439 | S25: =MAX(0,GWL-R25) -> 2.6338439 | T25: =MAX(0,NG-R25) -> 3.4338439 | U25: =SUMIFS('Piece check'!$R$6:$R$1643,'Piece check'!$B$6:$B$1643,B25) -> 130.4 | V25: =O25-U25 -> 0 | W25: =IF(U25<0.05,"Open cut",IF(V25<0.05,"Sheet piles","Mixed: "&TEXT(U25,"0")&" m sheet piles")) -> Sheet piles | X25: =SUMIFS('Piece check'!$V$6:$V$1643,'Piece check'!$B$6:$B$1643,B25) -> 1900.3754 | Y25: =SUMIFS('Piece check'!$W$6:$W$1643,'Piece check'!$B$6:$B$1643,B25) -> 0 | Z25: =SUMIFS('Piece check'!$X$6:$X$1643,'Piece check'!$B$6:$B$1643,B25) -> 211.83483 | AA25: =SUMIFS('Piece check'!$Y$6:$Y$1643,'Piece check'!$B$6:$B$1643,B25) -> 518.02001 | AB25: =MAX(0,X25+Y25-Z25-AA25) -> 1170.5205 | AC25: =(ROUNDUP(O25/PILE_SP,0)+1)*IF(N25>=PILE_THR,PILE_N_LARGE,PILE_N_SMALL) -> 90 | AD25: =2*U25 -> 260.8 | AE25: =IF(U25>0,ROUNDUP(T25*SHEET_RATIO,0),0) -> 7 | AF25: =AD25*AE25 -> 1825.6 | AG25: =MAX(0,GWL-(R25-DD_BELOW)) -> 3.1338439 | AH25: =IF(AG25=0,"Not required",IF(AG25<=WP_LIMIT,"Single-stage wellpoints","Deep wells or two-stage wellpoints")) -> Single-stage wellpoints | AI25: =MIN(_xlfn.MINIFS('Piece check'!$Z$6:$Z$1643,'Piece check'!$B$6:$B$1643,B25),_xlfn.MINIFS('Piece check'!$AA$6:$AA$1643,'Piece check'!$B$6:$B$1643,B25)) -> 0.70310346 | AJ25: =MIN(_xlfn.MINIFS('Piece check'!$AB$6:$AB$1643,'Piece check'!$B$6:$B$1643,B25),_xlfn.MINIFS('Piece check'!$AC$6:$AC$1643,'Piece check'!$B$6:$B$1643,B25)) -> 2.4690315 | AK25: =IF(AJ25<FOS_FLOT,"Anchor pipe to piled slab (permanent straps)",IF(AI25<FOS_FLOT,"Keep dewatering on until fill reaches FL, or strap to slab","No extra measure")) -> Keep dewatering on until fill reaches FL, or strap to slab | AL25: =Activities!P216 -> 46442 | AM25: =Activities!Q225 -> 46535 | AN25: 179 | AO25: No drawing level anchor inside the package: levels interpolated between anchors elsewhere (no longitudinal profile). R007: Embedded prior source review identifies plan/section level differences at shown locations. | AP25: One shared excavation and dewatering front with UG-05, UG-12A: lay all pipes before backfill. Where shoring is flagged, it is on the side facing the nearest structure or pile (Pieces, Nearest item). | AQ25: deeper than UG-12A-S03: complete first; deeper than UG-12A-S04: complete first; deeper than UG-12A-S07: complete first; deeper than UG-12A-S08: complete first; shared trench with UG-05-S03: backfill after both laid; shared trench with UG-05-S04: backfill after both laid; shared trench with UG-05-S05: backfill after both laid | AR25: =Activities!P224-Activities!Q222 -> 37 | AS25: =IF(Activities!K219=0,0,Activities!Q225-Activities!P219) -> 83
A26: UG-05 | B26: UG-05-S05 | C26: F2 | D26: GRP-UG05-S05-CH282-CHUG25-(-4.12/-4.12)-25m | E26: GRP | F26: 28 | G26: Run | I26: 0 | K26: 0 | L26: No | M26: 0 | N26: =_xlfn.MAXIFS('Piece check'!$E$6:$E$1643,'Piece check'!$B$6:$B$1643,B26) -> 2.2490004 | O26: =SUMIFS('Piece check'!$D$6:$D$1643,'Piece check'!$B$6:$B$1643,B26) -> 25.017434 | P26: -4.1230037 | Q26: -4.1245002 | R26: =_xlfn.MINIFS('Piece check'!$K$6:$K$1643,'Piece check'!$B$6:$B$1643,B26) -> -4.1245002 | S26: =MAX(0,GWL-R26) -> 2.6245002 | T26: =MAX(0,NG-R26) -> 3.4245002 | U26: =SUMIFS('Piece check'!$R$6:$R$1643,'Piece check'!$B$6:$B$1643,B26) -> 25.017434 | V26: =O26-U26 -> 0 | W26: =IF(U26<0.05,"Open cut",IF(V26<0.05,"Sheet piles","Mixed: "&TEXT(U26,"0")&" m sheet piles")) -> Sheet piles | X26: =SUMIFS('Piece check'!$V$6:$V$1643,'Piece check'!$B$6:$B$1643,B26) -> 363.9417 | Y26: =SUMIFS('Piece check'!$W$6:$W$1643,'Piece check'!$B$6:$B$1643,B26) -> 0 | Z26: =SUMIFS('Piece check'!$X$6:$X$1643,'Piece check'!$B$6:$B$1643,B26) -> 40.640826 | AA26: =SUMIFS('Piece check'!$Y$6:$Y$1643,'Piece check'!$B$6:$B$1643,B26) -> 99.38291 | AB26: =MAX(0,X26+Y26-Z26-AA26) -> 223.91797 | AC26: =(ROUNDUP(O26/PILE_SP,0)+1)*IF(N26>=PILE_THR,PILE_N_LARGE,PILE_N_SMALL) -> 20 | AD26: =2*U26 -> 50.034868 | AE26: =IF(U26>0,ROUNDUP(T26*SHEET_RATIO,0),0) -> 7 | AF26: =AD26*AE26 -> 350.24408 | AG26: =MAX(0,GWL-(R26-DD_BELOW)) -> 3.1245002 | AH26: =IF(AG26=0,"Not required",IF(AG26<=WP_LIMIT,"Single-stage wellpoints","Deep wells or two-stage wellpoints")) -> Single-stage wellpoints | AI26: =MIN(_xlfn.MINIFS('Piece check'!$Z$6:$Z$1643,'Piece check'!$B$6:$B$1643,B26),_xlfn.MINIFS('Piece check'!$AA$6:$AA$1643,'Piece check'!$B$6:$B$1643,B26)) -> 0.70014191 | AJ26: =MIN(_xlfn.MINIFS('Piece check'!$AB$6:$AB$1643,'Piece check'!$B$6:$B$1643,B26),_xlfn.MINIFS('Piece check'!$AC$6:$AC$1643,'Piece check'!$B$6:$B$1643,B26)) -> 2.46607 | AK26: =IF(AJ26<FOS_FLOT,"Anchor pipe to piled slab (permanent straps)",IF(AI26<FOS_FLOT,"Keep dewatering on until fill reaches FL, or strap to slab","No extra measure")) -> Keep dewatering on until fill reaches FL, or strap to slab | AL26: =Activities!P227 -> 46445 | AM26: =Activities!Q236 -> 46533 | AN26: 180 | AO26: R007: Embedded prior source review identifies plan/section level differences at shown locations. chamber connecting UG-25 (not modelled): structure not in the master model, tie-in position not checked. | AP26: One shared excavation and dewatering front with UG-06: lay all pipes before backfill. Where shoring is flagged, it is on the side facing the nearest structure or pile (Pieces, Nearest item). | AQ26: shared trench with UG-06-S04: start excavation with it; shared trench with UG-06-S05: start excavation with it; shared trench with UG-25-S01: start excavation with it; shared trench with UG-26-S01: start excavation with it | AR26: =Activities!P235-Activities!Q233 -> 34 | AS26: =IF(Activities!K230=0,0,Activities!Q236-Activities!P230) -> 74
A27: UG-06 | B27: UG-06-S03 | C27: F2 | D27: GRP-UG06-S03-CH049-CH147-(-4.05/-4.13)-98m | E27: GRP | F27: 28 | G27: Run | I27: 0 | K27: 0 | L27: No | M27: 6 | N27: =_xlfn.MAXIFS('Piece check'!$E$6:$E$1643,'Piece check'!$B$6:$B$1643,B27) -> 2.2490004 | O27: =SUMIFS('Piece check'!$D$6:$D$1643,'Piece check'!$B$6:$B$1643,B27) -> 98.3 | P27: -4.054498 | Q27: -4.1338439 | R27: =_xlfn.MINIFS('Piece check'!$K$6:$K$1643,'Piece check'!$B$6:$B$1643,B27) -> -4.1345002 | S27: =MAX(0,GWL-R27) -> 2.6345002 | T27: =MAX(0,NG-R27) -> 3.4345002 | U27: =SUMIFS('Piece check'!$R$6:$R$1643,'Piece check'!$B$6:$B$1643,B27) -> 98.3 | V27: =O27-U27 -> 0 | W27: =IF(U27<0.05,"Open cut",IF(V27<0.05,"Sheet piles","Mixed: "&TEXT(U27,"0")&" m sheet piles")) -> Sheet piles | X27: =SUMIFS('Piece check'!$V$6:$V$1643,'Piece check'!$B$6:$B$1643,B27) -> 1408.204 | Y27: =SUMIFS('Piece check'!$W$6:$W$1643,'Piece check'!$B$6:$B$1643,B27) -> 0 | Z27: =SUMIFS('Piece check'!$X$6:$X$1643,'Piece check'!$B$6:$B$1643,B27) -> 159.68816 | AA27: =SUMIFS('Piece check'!$Y$6:$Y$1643,'Piece check'!$B$6:$B$1643,B27) -> 390.49979 | AB27: =MAX(0,X27+Y27-Z27-AA27) -> 858.01603 | AC27: =(ROUNDUP(O27/PILE_SP,0)+1)*IF(N27>=PILE_THR,PILE_N_LARGE,PILE_N_SMALL) -> 68 | AD27: =2*U27 -> 196.6 | AE27: =IF(U27>0,ROUNDUP(T27*SHEET_RATIO,0),0) -> 7 | AF27: =AD27*AE27 -> 1376.2 | AG27: =MAX(0,GWL-(R27-DD_BELOW)) -> 3.1345002 | AH27: =IF(AG27=0,"Not required",IF(AG27<=WP_LIMIT,"Single-stage wellpoints","Deep wells or two-stage wellpoints")) -> Single-stage wellpoints | AI27: =MIN(_xlfn.MINIFS('Piece check'!$Z$6:$Z$1643,'Piece check'!$B$6:$B$1643,B27),_xlfn.MINIFS('Piece check'!$AA$6:$AA$1643,'Piece check'!$B$6:$B$1643,B27)) -> 0.62898184 | AJ27: =MIN(_xlfn.MINIFS('Piece check'!$AB$6:$AB$1643,'Piece check'!$B$6:$B$1643,B27),_xlfn.MINIFS('Piece check'!$AC$6:$AC$1643,'Piece check'!$B$6:$B$1643,B27)) -> 2.3949099 | AK27: =IF(AJ27<FOS_FLOT,"Anchor pipe to piled slab (permanent straps)",IF(AI27<FOS_FLOT,"Keep dewatering on until fill reaches FL, or strap to slab","No extra measure")) -> Keep dewatering on until fill reaches FL, or strap to slab | AL27: =Activities!P238 -> 46456 | AM27: =Activities!Q247 -> 46539 | AN27: 181 | AO27: R007: Embedded prior source review identifies plan/section level differences at shown locations. R011: Component material HDPE differs from scheduled whole-line material GRP. | AP27: One shared excavation and dewatering front with UG-05: lay all pipes before backfill. Where shoring is flagged, it is on the side facing the nearest structure or pile (Pieces, Nearest item). | AQ27: deeper than UG-12A-S05: complete first; shared trench with UG-05-S02: backfill after both laid; shared trench with UG-05-S03: backfill after both laid; shared trench with UG-05-S04: backfill after both laid | AR27: =Activities!P246-Activities!Q244 -> 28 | AS27: =IF(Activities!K241=0,0,Activities!Q247-Activities!P241) -> 75
A28: UG-05 | B28: UG-05-S04 | C28: F2 | D28: GRP-UG05-S04-CH158-CH282-(-4.12/-4.12)-123m | E28: GRP | F28: 28 | G28: Run | I28: 0 | K28: 0 | L28: No | M28: 0 | N28: =_xlfn.MAXIFS('Piece check'!$E$6:$E$1643,'Piece check'!$B$6:$B$1643,B28) -> 2.2490004 | O28: =SUMIFS('Piece check'!$D$6:$D$1643,'Piece check'!$B$6:$B$1643,B28) -> 123.2 | P28: -4.1156338 | Q28: -4.1230037 | R28: =_xlfn.MINIFS('Piece check'!$K$6:$K$1643,'Piece check'!$B$6:$B$1643,B28) -> -4.1230037 | S28: =MAX(0,GWL-R28) -> 2.6230037 | T28: =MAX(0,NG-R28) -> 3.4230037 | U28: =SUMIFS('Piece check'!$R$6:$R$1643,'Piece check'!$B$6:$B$1643,B28) -> 123.2 | V28: =O28-U28 -> 0 | W28: =IF(U28<0.05,"Open cut",IF(V28<0.05,"Sheet piles","Mixed: "&TEXT(U28,"0")&" m sheet piles")) -> Sheet piles | X28: =SUMIFS('Piece check'!$V$6:$V$1643,'Piece check'!$B$6:$B$1643,B28) -> 1789.9342 | Y28: =SUMIFS('Piece check'!$W$6:$W$1643,'Piece check'!$B$6:$B$1643,B28) -> 0 | Z28: =SUMIFS('Piece check'!$X$6:$X$1643,'Piece check'!$B$6:$B$1643,B28) -> 200.13842 | AA28: =SUMIFS('Piece check'!$Y$6:$Y$1643,'Piece check'!$B$6:$B$1643,B28) -> 489.41768 | AB28: =MAX(0,X28+Y28-Z28-AA28) -> 1100.3781 | AC28: =(ROUNDUP(O28/PILE_SP,0)+1)*IF(N28>=PILE_THR,PILE_N_LARGE,PILE_N_SMALL) -> 86 | AD28: =2*U28 -> 246.4 | AE28: =IF(U28>0,ROUNDUP(T28*SHEET_RATIO,0),0) -> 7 | AF28: =AD28*AE28 -> 1724.8 | AG28: =MAX(0,GWL-(R28-DD_BELOW)) -> 3.1230037 | AH28: =IF(AG28=0,"Not required",IF(AG28<=WP_LIMIT,"Single-stage wellpoints","Deep wells or two-stage wellpoints")) -> Single-stage wellpoints | AI28: =MIN(_xlfn.MINIFS('Piece check'!$Z$6:$Z$1643,'Piece check'!$B$6:$B$1643,B28),_xlfn.MINIFS('Piece check'!$AA$6:$AA$1643,'Piece check'!$B$6:$B$1643,B28)) -> 0.69248628 | AJ28: =MIN(_xlfn.MINIFS('Piece check'!$AB$6:$AB$1643,'Piece check'!$B$6:$B$1643,B28),_xlfn.MINIFS('Piece check'!$AC$6:$AC$1643,'Piece check'!$B$6:$B$1643,B28)) -> 2.4584143 | AK28: =IF(AJ28<FOS_FLOT,"Anchor pipe to piled slab (permanent straps)",IF(AI28<FOS_FLOT,"Keep dewatering on until fill reaches FL, or strap to slab","No extra measure")) -> Keep dewatering on until fill reaches FL, or strap to slab | AL28: =Activities!P249 -> 46459 | AM28: =Activities!Q258 -> 46543 | AN28: 182 | AO28: No drawing level anchor inside the package: levels interpolated between anchors elsewhere (no longitudinal profile). R007: Embedded prior source review identifies plan/section level differences at shown locations. | AP28: One shared excavation and dewatering front with UG-06, UG-12A: lay all pipes before backfill. Where shoring is flagged, it is on the side facing the nearest structure or pile (Pieces, Nearest item). | AQ28: deeper than UG-12A-S03: complete first; deeper than UG-12A-S04: complete first; deeper than UG-12A-S08: complete first; shared trench with UG-06-S03: start excavation with it; shared trench with UG-06-S04: start excavation with it; shared trench with UG-06-S05: start excavation with it | AR28: =Activities!P257-Activities!Q255 -> 20 | AS28: =IF(Activities!K252=0,0,Activities!Q258-Activities!P252) -> 69
A29: UG-05 | B29: UG-05-S03 | C29: F2 | D29: GRP-UG05-S03-CH054-CH158-(-3.82/-4.12)-104m | E29: GRP | F29: 28 | G29: Run | I29: 0 | K29: 0 | L29: No | M29: 4 | N29: =_xlfn.MAXIFS('Piece check'!$E$6:$E$1643,'Piece check'!$B$6:$B$1643,B29) -> 2.2490047 | O29: =SUMIFS('Piece check'!$D$6:$D$1643,'Piece check'!$B$6:$B$1643,B29) -> 104.2 | P29: -3.8221294 | Q29: -4.1156338 | R29: =_xlfn.MINIFS('Piece check'!$K$6:$K$1643,'Piece check'!$B$6:$B$1643,B29) -> -4.1156338 | S29: =MAX(0,GWL-R29) -> 2.6156338 | T29: =MAX(0,NG-R29) -> 3.4156338 | U29: =SUMIFS('Piece check'!$R$6:$R$1643,'Piece check'!$B$6:$B$1643,B29) -> 58.3 | V29: =O29-U29 -> 45.9 | W29: =IF(U29<0.05,"Open cut",IF(V29<0.05,"Sheet piles","Mixed: "&TEXT(U29,"0")&" m sheet piles")) -> Mixed: 58 m sheet piles | X29: =SUMIFS('Piece check'!$V$6:$V$1643,'Piece check'!$B$6:$B$1643,B29) -> 834.59227 | Y29: =SUMIFS('Piece check'!$W$6:$W$1643,'Piece check'!$B$6:$B$1643,B29) -> 1550.2749 | Z29: =SUMIFS('Piece check'!$X$6:$X$1643,'Piece check'!$B$6:$B$1643,B29) -> 169.273 | AA29: =SUMIFS('Piece check'!$Y$6:$Y$1643,'Piece check'!$B$6:$B$1643,B29) -> 413.93986 | AB29: =MAX(0,X29+Y29-Z29-AA29) -> 1801.6543 | AC29: =(ROUNDUP(O29/PILE_SP,0)+1)*IF(N29>=PILE_THR,PILE_N_LARGE,PILE_N_SMALL) -> 72 | AD29: =2*U29 -> 116.6 | AE29: =IF(U29>0,ROUNDUP(T29*SHEET_RATIO,0),0) -> 7 | AF29: =AD29*AE29 -> 816.2 | AG29: =MAX(0,GWL-(R29-DD_BELOW)) -> 3.1156338 | AH29: =IF(AG29=0,"Not required",IF(AG29<=WP_LIMIT,"Single-stage wellpoints","Deep wells or two-stage wellpoints")) -> Single-stage wellpoints | AI29: =MIN(_xlfn.MINIFS('Piece check'!$Z$6:$Z$1643,'Piece check'!$B$6:$B$1643,B29),_xlfn.MINIFS('Piece check'!$AA$6:$AA$1643,'Piece check'!$B$6:$B$1643,B29)) -> 0.3875941 | AJ29: =MIN(_xlfn.MINIFS('Piece check'!$AB$6:$AB$1643,'Piece check'!$B$6:$B$1643,B29),_xlfn.MINIFS('Piece check'!$AC$6:$AC$1643,'Piece check'!$B$6:$B$1643,B29)) -> 2.1535188 | AK29: =IF(AJ29<FOS_FLOT,"Anchor pipe to piled slab (permanent straps)",IF(AI29<FOS_FLOT,"Keep dewatering on until fill reaches FL, or strap to slab","No extra measure")) -> Keep dewatering on until fill reaches FL, or strap to slab | AL29: =Activities!P260 -> 46468 | AM29: =Activities!Q269 -> 46545 | AN29: 183 | AO29: R007: Embedded prior source review identifies plan/section level differences at shown locations. | AP29: One shared excavation and dewatering front with UG-06: lay all pipes before backfill. Where shoring is flagged, it is on the side facing the nearest structure or pile (Pieces, Nearest item). | AQ29: shared trench with UG-06-S03: start excavation with it; shared trench with UG-06-S04: start excavation with it | AR29: =Activities!P268-Activities!Q266 -> 13 | AS29: =IF(Activities!K263=0,0,Activities!Q269-Activities!P263) -> 61
A30: UG-05 | B30: UG-05-S02 | C30: F2 | D30: GRP-UG05-S02-CH006-CH054-(-3.66/-3.82)-48m | E30: GRP | F30: 28 | G30: Run | I30: 0 | K30: 0 | L30: No | M30: 2 | N30: =_xlfn.MAXIFS('Piece check'!$E$6:$E$1643,'Piece check'!$B$6:$B$1643,B30) -> 2.2763923 | O30: =SUMIFS('Piece check'!$D$6:$D$1643,'Piece check'!$B$6:$B$1643,B30) -> 48.1 | P30: -3.6603486 | Q30: -3.8221294 | R30: =_xlfn.MINIFS('Piece check'!$K$6:$K$1643,'Piece check'!$B$6:$B$1643,B30) -> -3.8221294 | S30: =MAX(0,GWL-R30) -> 2.3221294 | T30: =MAX(0,NG-R30) -> 3.1221294 | U30: =SUMIFS('Piece check'!$R$6:$R$1643,'Piece check'!$B$6:$B$1643,B30) -> 0 | V30: =O30-U30 -> 48.1 | W30: =IF(U30<0.05,"Open cut",IF(V30<0.05,"Sheet piles","Mixed: "&TEXT(U30,"0")&" m sheet piles")) -> Open cut | X30: =SUMIFS('Piece check'!$V$6:$V$1643,'Piece check'!$B$6:$B$1643,B30) -> 0 | Y30: =SUMIFS('Piece check'!$W$6:$W$1643,'Piece check'!$B$6:$B$1643,B30) -> 1502.7067 | Z30: =SUMIFS('Piece check'!$X$6:$X$1643,'Piece check'!$B$6:$B$1643,B30) -> 78.640427 | AA30: =SUMIFS('Piece check'!$Y$6:$Y$1643,'Piece check'!$B$6:$B$1643,B30) -> 194.64769 | AB30: =MAX(0,X30+Y30-Z30-AA30) -> 1229.4186 | AC30: =(ROUNDUP(O30/PILE_SP,0)+1)*IF(N30>=PILE_THR,PILE_N_LARGE,PILE_N_SMALL) -> 36 | AD30: =2*U30 -> 0 | AE30: =IF(U30>0,ROUNDUP(T30*SHEET_RATIO,0),0) -> 0 | AF30: =AD30*AE30 -> 0 | AG30: =MAX(0,GWL-(R30-DD_BELOW)) -> 2.8221294 | AH30: =IF(AG30=0,"Not required",IF(AG30<=WP_LIMIT,"Single-stage wellpoints","Deep wells or two-stage wellpoints")) -> Single-stage wellpoints | AI30: =MIN(_xlfn.MINIFS('Piece check'!$Z$6:$Z$1643,'Piece check'!$B$6:$B$1643,B30),_xlfn.MINIFS('Piece check'!$AA$6:$AA$1643,'Piece check'!$B$6:$B$1643,B30)) -> 0.18879094 | AJ30: =MIN(_xlfn.MINIFS('Piece check'!$AB$6:$AB$1643,'Piece check'!$B$6:$B$1643,B30),_xlfn.MINIFS('Piece check'!$AC$6:$AC$1643,'Piece check'!$B$6:$B$1643,B30)) -> 1.9334695 | AK30: =IF(AJ30<FOS_FLOT,"Anchor pipe to piled slab (permanent straps)",IF(AI30<FOS_FLOT,"Keep dewatering on until fill reaches FL, or strap to slab","No extra measure")) -> Keep dewatering on until fill reaches FL, or strap to slab | AL30: =Activities!P271 -> 46479 | AM30: =Activities!Q280 -> 46586 | AN30: 184 | AO30: R007: Embedded prior source review identifies plan/section level differences at shown locations. | AP30: Where shoring is flagged, it is on the side facing the nearest structure or pile (Pieces, Nearest item). | AQ30: shared trench with UG-06-S03: start excavation with it; shared trench with UG-24-S01: backfill after both laid; shared trench with UG-24-S02: backfill after both laid | AR30: =Activities!P279-Activities!Q277 -> 49 | AS30: =IF(Activities!K274=0,0,Activities!Q280-Activities!P274) -> 95
A31: UG-06 | B31: UG-06-S01 | C31: F2 | D31: GRP-UG06-S01-IPS-EL021-(-4.07/-4.05)-21m | E31: GRP | F31: 28 | G31: Tie-in | H31: IPS | I31: =MAX(Structures!$H$20) -> 0 | K31: 0 | L31: No | M31: 4 | N31: =_xlfn.MAXIFS('Piece check'!$E$6:$E$1643,'Piece check'!$B$6:$B$1643,B31) -> 2.2763759 | O31: =SUMIFS('Piece check'!$D$6:$D$1643,'Piece check'!$B$6:$B$1643,B31) -> 21.184609 | P31: -4.0681879 | Q31: -4.054498 | R31: =_xlfn.MINIFS('Piece check'!$K$6:$K$1643,'Piece check'!$B$6:$B$1643,B31) -> -4.0681879 | S31: =MAX(0,GWL-R31) -> 2.5681879 | T31: =MAX(0,NG-R31) -> 3.3681879 | U31: =SUMIFS('Piece check'!$R$6:$R$1643,'Piece check'!$B$6:$B$1643,B31) -> 21.184609 | V31: =O31-U31 -> 0 | W31: =IF(U31<0.05,"Open cut",IF(V31<0.05,"Sheet piles","Mixed: "&TEXT(U31,"0")&" m sheet piles")) -> Sheet piles | X31: =SUMIFS('Piece check'!$V$6:$V$1643,'Piece check'!$B$6:$B$1643,B31) -> 303.28103 | Y31: =SUMIFS('Piece check'!$W$6:$W$1643,'Piece check'!$B$6:$B$1643,B31) -> 0 | Z31: =SUMIFS('Piece check'!$X$6:$X$1643,'Piece check'!$B$6:$B$1643,B31) -> 34.535564 | AA31: =SUMIFS('Piece check'!$Y$6:$Y$1643,'Piece check'!$B$6:$B$1643,B31) -> 85.018116 | AB31: =MAX(0,X31+Y31-Z31-AA31) -> 183.72735 | AC31: =(ROUNDUP(O31/PILE_SP,0)+1)*IF(N31>=PILE_THR,PILE_N_LARGE,PILE_N_SMALL) -> 18 | AD31: =2*U31 -> 42.369217 | AE31: =IF(U31>0,ROUNDUP(T31*SHEET_RATIO,0),0) -> 7 | AF31: =AD31*AE31 -> 296.58452 | AG31: =MAX(0,GWL-(R31-DD_BELOW)) -> 3.0681879 | AH31: =IF(AG31=0,"Not required",IF(AG31<=WP_LIMIT,"Single-stage wellpoints","Deep wells or two-stage wellpoints")) -> Single-stage wellpoints | AI31: =MIN(_xlfn.MINIFS('Piece check'!$Z$6:$Z$1643,'Piece check'!$B$6:$B$1643,B31),_xlfn.MINIFS('Piece check'!$AA$6:$AA$1643,'Piece check'!$B$6:$B$1643,B31)) -> 0.60737017 | AJ31: =MIN(_xlfn.MINIFS('Piece check'!$AB$6:$AB$1643,'Piece check'!$B$6:$B$1643,B31),_xlfn.MINIFS('Piece check'!$AC$6:$AC$1643,'Piece check'!$B$6:$B$1643,B31)) -> 2.3520614 | AK31: =IF(AJ31<FOS_FLOT,"Anchor pipe to piled slab (permanent straps)",IF(AI31<FOS_FLOT,"Keep dewatering on until fill reaches FL, or strap to slab","No extra measure")) -> Keep dewatering on until fill reaches FL, or strap to slab | AL31: =Activities!P282 -> 46358 | AM31: =Activities!Q291 -> 46541 | AN31: 185 | AO31: No drawing level anchor inside the package: levels interpolated between anchors elsewhere (no longitudinal profile). R007: Embedded prior source review identifies plan/section level differences at shown locations. R012: Component material HDPE differs from scheduled whole-line material GRP. | AP31: IPS wall and penetration built; its excavation backfilled to pipe zone. Lay as the closure to the structure. Where shoring is flagged, it is on the side facing the nearest structure or pile (Pieces, Nearest item). | AQ31: shared trench with UG-05-S01: backfill after both laid; closure: lay after UG-06-S02 laid | AR31: =Activities!P290-Activities!Q288 -> 150 | AS31: =IF(Activities!K285=0,0,Activities!Q291-Activities!P285) -> 180
A32: UG-05 | B32: UG-05-S01 | C32: F2 | D32: GRP-UG05-S01-IPS-CH006-(-3.64/-3.66)-6m | E32: GRP | F32: 28 | G32: Tie-in | H32: IPS | I32: =MAX(Structures!$H$20) -> 0 | K32: 0 | L32: No | M32: 0 | N32: =_xlfn.MAXIFS('Piece check'!$E$6:$E$1643,'Piece check'!$B$6:$B$1643,B32) -> 2.2763923 | O32: =SUMIFS('Piece check'!$D$6:$D$1643,'Piece check'!$B$6:$B$1643,B32) -> 6 | P32: -3.6381962 | Q32: -3.6603486 | R32: =_xlfn.MINIFS('Piece check'!$K$6:$K$1643,'Piece check'!$B$6:$B$1643,B32) -> -3.6603486 | S32: =MAX(0,GWL-R32) -> 2.1603486 | T32: =MAX(0,NG-R32) -> 2.9603486 | U32: =SUMIFS('Piece check'!$R$6:$R$1643,'Piece check'!$B$6:$B$1643,B32) -> 0 | V32: =O32-U32 -> 6 | W32: =IF(U32<0.05,"Open cut",IF(V32<0.05,"Sheet piles","Mixed: "&TEXT(U32,"0")&" m sheet piles")) -> Open cut | X32: =SUMIFS('Piece check'!$V$6:$V$1643,'Piece check'!$B$6:$B$1643,B32) -> 0 | Y32: =SUMIFS('Piece check'!$W$6:$W$1643,'Piece check'!$B$6:$B$1643,B32) -> 178.13197 | Z32: =SUMIFS('Piece check'!$X$6:$X$1643,'Piece check'!$B$6:$B$1643,B32) -> 9.8291769 | AA32: =SUMIFS('Piece check'!$Y$6:$Y$1643,'Piece check'!$B$6:$B$1643,B32) -> 24.41942 | AB32: =MAX(0,X32+Y32-Z32-AA32) -> 143.88337 | AC32: =(ROUNDUP(O32/PILE_SP,0)+1)*IF(N32>=PILE_THR,PILE_N_LARGE,PILE_N_SMALL) -> 6 | AD32: =2*U32 -> 0 | AE32: =IF(U32>0,ROUNDUP(T32*SHEET_RATIO,0),0) -> 0 | AF32: =AD32*AE32 -> 0 | AG32: =MAX(0,GWL-(R32-DD_BELOW)) -> 2.6603486 | AH32: =IF(AG32=0,"Not required",IF(AG32<=WP_LIMIT,"Single-stage wellpoints","Deep wells or two-stage wellpoints")) -> Single-stage wellpoints | AI32: =MIN(_xlfn.MINIFS('Piece check'!$Z$6:$Z$1643,'Piece check'!$B$6:$B$1643,B32),_xlfn.MINIFS('Piece check'!$AA$6:$AA$1643,'Piece check'!$B$6:$B$1643,B32)) -> 0.16605629 | AJ32: =MIN(_xlfn.MINIFS('Piece check'!$AB$6:$AB$1643,'Piece check'!$B$6:$B$1643,B32),_xlfn.MINIFS('Piece check'!$AC$6:$AC$1643,'Piece check'!$B$6:$B$1643,B32)) -> 1.9107349 | AK32: =IF(AJ32<FOS_FLOT,"Anchor pipe to piled slab (permanent straps)",IF(AI32<FOS_FLOT,"Keep dewatering on until fill reaches FL, or strap to slab","No extra measure")) -> Keep dewatering on until fill reaches FL, or strap to slab | AL32: =Activities!P293 -> 46489 | AM32: =Activities!Q302 -> 46585 | AN32: 186 | AO32: R007: Embedded prior source review identifies plan/section level differences at shown locations. | AP32: IPS wall and penetration built; its excavation backfilled to pipe zone. Lay as the closure to the structure. Where shoring is flagged, it is on the side facing the nearest structure or pile (Pieces, Nearest item). | AQ32: shared trench with UG-06-S01: start excavation with it; shared trench with UG-24-S01: backfill after both laid; shared trench with UG-24-S02: backfill after both laid; closure: lay after UG-05-S02 laid | AR32: =Activities!P301-Activities!Q299 -> 44 | AS32: =IF(Activities!K296=0,0,Activities!Q302-Activities!P296) -> 94
A33: UG-24 | B33: UG-24-S01 | C33: F2 | D33: GRP-UG24-S01-EXPST-EL124-(-2.60/-3.02)-124m | E33: GRP | F33: 28 | G33: Run | I33: 0 | J33: 3, 8 (31 piles) | K33: =MAX(Aeration!$I$7,Aeration!$I$12) -> 46355 | L33: No | M33: 8 | N33: =_xlfn.MAXIFS('Piece check'!$E$6:$E$1643,'Piece check'!$B$6:$B$1643,B33) -> 2.0450026 | O33: =SUMIFS('Piece check'!$D$6:$D$1643,'Piece check'!$B$6:$B$1643,B33) -> 123.7455 | P33: -2.5999965 | Q33: -3.022497 | R33: =_xlfn.MINIFS('Piece check'!$K$6:$K$1643,'Piece check'!$B$6:$B$1643,B33) -> -3.0225013 | S33: =MAX(0,GWL-R33) -> 1.5225013 | T33: =MAX(0,NG-R33) -> 2.3225013 | U33: =SUMIFS('Piece check'!$R$6:$R$1643,'Piece check'!$B$6:$B$1643,B33) -> 70 | V33: =O33-U33 -> 53.745505 | W33: =IF(U33<0.05,"Open cut",IF(V33<0.05,"Sheet piles","Mixed: "&TEXT(U33,"0")&" m sheet piles")) -> Mixed: 70 m sheet piles | X33: =SUMIFS('Piece check'!$V$6:$V$1643,'Piece check'!$B$6:$B$1643,B33) -> 656.43289 | Y33: =SUMIFS('Piece check'!$W$6:$W$1643,'Piece check'!$B$6:$B$1643,B33) -> 1015.9257 | Z33: =SUMIFS('Piece check'!$X$6:$X$1643,'Piece check'!$B$6:$B$1643,B33) -> 185.17922 | AA33: =SUMIFS('Piece check'!$Y$6:$Y$1643,'Piece check'!$B$6:$B$1643,B33) -> 388.81281 | AB33: =MAX(0,X33+Y33-Z33-AA33) -> 1098.3666 | AC33: =(ROUNDUP(O33/PILE_SP,0)+1)*IF(N33>=PILE_THR,PILE_N_LARGE,PILE_N_SMALL) -> 86 | AD33: =2*U33 -> 140 | AE33: =IF(U33>0,ROUNDUP(T33*SHEET_RATIO,0),0) -> 5 | AF33: =AD33*AE33 -> 700 | AG33: =MAX(0,GWL-(R33-DD_BELOW)) -> 2.0225013 | AH33: =IF(AG33=0,"Not required",IF(AG33<=WP_LIMIT,"Single-stage wellpoints","Deep wells or two-stage wellpoints")) -> Single-stage wellpoints | AI33: =MIN(_xlfn.MINIFS('Piece check'!$Z$6:$Z$1643,'Piece check'!$B$6:$B$1643,B33),_xlfn.MINIFS('Piece check'!$AA$6:$AA$1643,'Piece check'!$B$6:$B$1643,B33)) -> 0 | AJ33: =MIN(_xlfn.MINIFS('Piece check'!$AB$6:$AB$1643,'Piece check'!$B$6:$B$1643,B33),_xlfn.MINIFS('Piece check'!$AC$6:$AC$1643,'Piece check'!$B$6:$B$1643,B33)) -> 1.6879005 | AK33: =IF(AJ33<FOS_FLOT,"Anchor pipe to piled slab (permanent straps)",IF(AI33<FOS_FLOT,"Keep dewatering on until fill reaches FL, or strap to slab","No extra measure")) -> Keep dewatering on until fill reaches FL, or strap to slab | AL33: =Activities!P304 -> 46489 | AM33: =Activities!Q313 -> 46590 | AN33: 187 | AO33: R041: Component material HDPE differs from scheduled whole-line material GRP. R042: Component material HDPE differs from scheduled whole-line material GRP. R043: Component material HDPE differs from scheduled whole-line material GRP. R044: Component material HDPE differs from scheduled whole-line material GRP. R045: Component material HDPE differs from scheduled whole-line material GRP. existing PST (not modelled): structure not in the master model, tie-in position not checked. | AP33: UG-02, UG-03, UG-04 is deeper here: lay and backfill it first. Decide the sequence against the 31 pending piles within 15 m. Where shoring is flagged, it is on the side facing the nearest structure or pile (Pieces, Nearest item). | AQ33: excavate after UG-02-S04 backfilled (deeper); excavate after UG-02-S05 backfilled (deeper); excavate after UG-03-S01 backfilled (deeper); excavate after UG-03-S02 backfilled (deeper); excavate after UG-03-S03 backfilled (deeper); excavate after UG-03-S04 backfilled (deeper); excavate after UG-03-S05 backfilled (deeper); excavate after UG-04-S01 backfilled (deeper); excavate after UG-04-S02 backfilled (deeper); shared trench with UG-05-S01: start excavation with it; shared trench with UG-05-S02: start excavation with it; built by F2 (shared corridor; line system front F1) | AR33: =Activities!P312-Activities!Q310 -> 8 | AS33: =IF(Activities!K307=0,0,Activities!Q313-Activities!P307) -> 90
A34: UG-24 | B34: UG-24-S02 | C34: F2 | D34: GRP-UG24-S02-EL124-IPS-(-3.03/-3.03)-3m | E34: GRP | F34: 28 | G34: Tie-in | H34: IPS | I34: =MAX(Structures!$H$20) -> 0 | K34: 0 | L34: No | M34: 0 | N34: =_xlfn.MAXIFS('Piece check'!$E$6:$E$1643,'Piece check'!$B$6:$B$1643,B34) -> 2.0695966 | O34: =SUMIFS('Piece check'!$D$6:$D$1643,'Piece check'!$B$6:$B$1643,B34) -> 3.0856 | P34: -3.0347983 | Q34: -3.0347983 | R34: =_xlfn.MINIFS('Piece check'!$K$6:$K$1643,'Piece check'!$B$6:$B$1643,B34) -> -3.0347983 | S34: =MAX(0,GWL-R34) -> 1.5347983 | T34: =MAX(0,NG-R34) -> 2.3347983 | U34: =SUMIFS('Piece check'!$R$6:$R$1643,'Piece check'!$B$6:$B$1643,B34) -> 0 | V34: =O34-U34 -> 3.0856 | W34: =IF(U34<0.05,"Open cut",IF(V34<0.05,"Sheet piles","Mixed: "&TEXT(U34,"0")&" m sheet piles")) -> Open cut | X34: =SUMIFS('Piece check'!$V$6:$V$1643,'Piece check'!$B$6:$B$1643,B34) -> 0 | Y34: =SUMIFS('Piece check'!$W$6:$W$1643,'Piece check'!$B$6:$B$1643,B34) -> 61.971972 | Z34: =SUMIFS('Piece check'!$X$6:$X$1643,'Piece check'!$B$6:$B$1643,B34) -> 4.7357736 | AA34: =SUMIFS('Piece check'!$Y$6:$Y$1643,'Piece check'!$B$6:$B$1643,B34) -> 10.380085 | AB34: =MAX(0,X34+Y34-Z34-AA34) -> 46.856113 | AC34: =(ROUNDUP(O34/PILE_SP,0)+1)*IF(N34>=PILE_THR,PILE_N_LARGE,PILE_N_SMALL) -> 6 | AD34: =2*U34 -> 0 | AE34: =IF(U34>0,ROUNDUP(T34*SHEET_RATIO,0),0) -> 0 | AF34: =AD34*AE34 -> 0 | AG34: =MAX(0,GWL-(R34-DD_BELOW)) -> 2.0347983 | AH34: =IF(AG34=0,"Not required",IF(AG34<=WP_LIMIT,"Single-stage wellpoints","Deep wells or two-stage wellpoints")) -> Single-stage wellpoints | AI34: =MIN(_xlfn.MINIFS('Piece check'!$Z$6:$Z$1643,'Piece check'!$B$6:$B$1643,B34),_xlfn.MINIFS('Piece check'!$AA$6:$AA$1643,'Piece check'!$B$6:$B$1643,B34)) -> 0 | AJ34: =MIN(_xlfn.MINIFS('Piece check'!$AB$6:$AB$1643,'Piece check'!$B$6:$B$1643,B34),_xlfn.MINIFS('Piece check'!$AC$6:$AC$1643,'Piece check'!$B$6:$B$1643,B34)) -> 1.6539613 | AK34: =IF(AJ34<FOS_FLOT,"Anchor pipe to piled slab (permanent straps)",IF(AI34<FOS_FLOT,"Keep dewatering on until fill reaches FL, or strap to slab","No extra measure")) -> Keep dewatering on until fill reaches FL, or strap to slab | AL34: =Activities!P315 -> 46494 | AM34: =Activities!Q324 -> 46587 | AN34: 188 | AO34: Common holds only (see Read Me). | AP34: IPS wall and penetration built; its excavation backfilled to pipe zone. Lay as the closure to the structure. UG-02 is deeper here: lay and backfill it first. Where shoring is flagged, it is on the side facing the nearest structure or pile (Pieces, Nearest item). | AQ34: excavate after UG-04-S02 backfilled (deeper); shared trench with UG-05-S01: start excavation with it; shared trench with UG-05-S02: start excavation with it; closure: lay after UG-24-S01 laid; built by F2 (shared corridor; line system front F1) | AR34: =Activities!P323-Activities!Q321 -> -1 | AS34: =IF(Activities!K318=0,0,Activities!Q324-Activities!P318) -> 91
A35: UG-10 | B35: UG-10-S04 | C35: F3 | D35: GRP-UG10-S04-CH146-CH200-(-3.76/-5.01)-53m | E35: GRP | F35: 28 | G35: Run | I35: 0 | K35: 0 | L35: No | M35: 2 | N35: =_xlfn.MAXIFS('Piece check'!$E$6:$E$1643,'Piece check'!$B$6:$B$1643,B35) -> 2.6900011 | O35: =SUMIFS('Piece check'!$D$6:$D$1643,'Piece check'!$B$6:$B$1643,B35) -> 53.199 | P35: -3.7610355 | Q35: -5.0050006 | R35: =_xlfn.MINIFS('Piece check'!$K$6:$K$1643,'Piece check'!$B$6:$B$1643,B35) -> -5.0050006 | S35: =MAX(0,GWL-R35) -> 3.5050006 | T35: =MAX(0,NG-R35) -> 4.3050006 | U35: =SUMIFS('Piece check'!$R$6:$R$1643,'Piece check'!$B$6:$B$1643,B35) -> 53.199 | V35: =O35-U35 -> 0 | W35: =IF(U35<0.05,"Open cut",IF(V35<0.05,"Sheet piles","Mixed: "&TEXT(U35,"0")&" m sheet piles")) -> Sheet piles | X35: =SUMIFS('Piece check'!$V$6:$V$1643,'Piece check'!$B$6:$B$1643,B35) -> 1038.8937 | Y35: =SUMIFS('Piece check'!$W$6:$W$1643,'Piece check'!$B$6:$B$1643,B35) -> 0 | Z35: =SUMIFS('Piece check'!$X$6:$X$1643,'Piece check'!$B$6:$B$1643,B35) -> 98.15215 | AA35: =SUMIFS('Piece check'!$Y$6:$Y$1643,'Piece check'!$B$6:$B$1643,B35) -> 302.34156 | AB35: =MAX(0,X35+Y35-Z35-AA35) -> 638.39997 | AC35: =(ROUNDUP(O35/PILE_SP,0)+1)*IF(N35>=PILE_THR,PILE_N_LARGE,PILE_N_SMALL) -> 38 | AD35: =2*U35 -> 106.398 | AE35: =IF(U35>0,ROUNDUP(T35*SHEET_RATIO,0),0) -> 9 | AF35: =AD35*AE35 -> 957.582 | AG35: =MAX(0,GWL-(R35-DD_BELOW)) -> 4.0050006 | AH35: =IF(AG35=0,"Not required",IF(AG35<=WP_LIMIT,"Single-stage wellpoints","Deep wells or two-stage wellpoints")) -> Single-stage wellpoints | AI35: =MIN(_xlfn.MINIFS('Piece check'!$Z$6:$Z$1643,'Piece check'!$B$6:$B$1643,B35),_xlfn.MINIFS('Piece check'!$AA$6:$AA$1643,'Piece check'!$B$6:$B$1643,B35)) -> 0 | AJ35: =MIN(_xlfn.MINIFS('Piece check'!$AB$6:$AB$1643,'Piece check'!$B$6:$B$1643,B35),_xlfn.MINIFS('Piece check'!$AC$6:$AC$1643,'Piece check'!$B$6:$B$1643,B35)) -> 1.3644263 | AK35: =IF(AJ35<FOS_FLOT,"Anchor pipe to piled slab (permanent straps)",IF(AI35<FOS_FLOT,"Keep dewatering on until fill reaches FL, or strap to slab","No extra measure")) -> Keep dewatering on until fill reaches FL, or strap to slab | AL35: =Activities!P326 -> 46357 | AM35: =Activities!Q335 -> 46432 | AN35: 118 | AO35: Common holds only (see Read Me). | AP35: Where shoring is flagged, it is on the side facing the nearest structure or pile (Pieces, Nearest item). | AQ35: excavate after UG-15-S02 backfilled (deeper) | AR35: =Activities!P334-Activities!Q332 -> -5 | AS35: =IF(Activities!K329=0,0,Activities!Q335-Activities!P329) -> 69
A36: UG-10 | B36: UG-10-S05 | C36: F3 | D36: GRP-UG10-S05-CH200-SDCA-(-5.01/-5.01)-6m | E36: GRP | F36: 28 | G36: Tie-in | H36: SDCA | I36: =MAX(Structures!$H$24) -> 0 | K36: 0 | L36: No | M36: 0 | N36: =_xlfn.MAXIFS('Piece check'!$E$6:$E$1643,'Piece check'!$B$6:$B$1643,B36) -> 2.6900011 | O36: =SUMIFS('Piece check'!$D$6:$D$1643,'Piece check'!$B$6:$B$1643,B36) -> 5.9997313 | P36: -5.0050006 | Q36: -5.0050006 | R36: =_xlfn.MINIFS('Piece check'!$K$6:$K$1643,'Piece check'!$B$6:$B$1643,B36) -> -5.0050006 | S36: =MAX(0,GWL-R36) -> 3.5050006 | T36: =MAX(0,NG-R36) -> 4.3050006 | U36: =SUMIFS('Piece check'!$R$6:$R$1643,'Piece check'!$B$6:$B$1643,B36) -> 5.9997313 | V36: =O36-U36 -> 0 | W36: =IF(U36<0.05,"Open cut",IF(V36<0.05,"Sheet piles","Mixed: "&TEXT(U36,"0")&" m sheet piles")) -> Sheet piles | X36: =SUMIFS('Piece check'!$V$6:$V$1643,'Piece check'!$B$6:$B$1643,B36) -> 121.13732 | Y36: =SUMIFS('Piece check'!$W$6:$W$1643,'Piece check'!$B$6:$B$1643,B36) -> 0 | Z36: =SUMIFS('Piece check'!$X$6:$X$1643,'Piece check'!$B$6:$B$1643,B36) -> 11.069508 | AA36: =SUMIFS('Piece check'!$Y$6:$Y$1643,'Piece check'!$B$6:$B$1643,B36) -> 34.09782 | AB36: =MAX(0,X36+Y36-Z36-AA36) -> 75.969993 | AC36: =(ROUNDUP(O36/PILE_SP,0)+1)*IF(N36>=PILE_THR,PILE_N_LARGE,PILE_N_SMALL) -> 6 | AD36: =2*U36 -> 11.999463 | AE36: =IF(U36>0,ROUNDUP(T36*SHEET_RATIO,0),0) -> 9 | AF36: =AD36*AE36 -> 107.99516 | AG36: =MAX(0,GWL-(R36-DD_BELOW)) -> 4.0050006 | AH36: =IF(AG36=0,"Not required",IF(AG36<=WP_LIMIT,"Single-stage wellpoints","Deep wells or two-stage wellpoints")) -> Single-stage wellpoints | AI36: =MIN(_xlfn.MINIFS('Piece check'!$Z$6:$Z$1643,'Piece check'!$B$6:$B$1643,B36),_xlfn.MINIFS('Piece check'!$AA$6:$AA$1643,'Piece check'!$B$6:$B$1643,B36)) -> 0.81926118 | AJ36: =MIN(_xlfn.MINIFS('Piece check'!$AB$6:$AB$1643,'Piece check'!$B$6:$B$1643,B36),_xlfn.MINIFS('Piece check'!$AC$6:$AC$1643,'Piece check'!$B$6:$B$1643,B36)) -> 2.2956817 | AK36: =IF(AJ36<FOS_FLOT,"Anchor pipe to piled slab (permanent straps)",IF(AI36<FOS_FLOT,"Keep dewatering on until fill reaches FL, or strap to slab","No extra measure")) -> Keep dewatering on until fill reaches FL, or strap to slab | AL36: =Activities!P337 -> 46358 | AM36: =Activities!Q346 -> 46437 | AN36: 119 | AO36: No drawing level anchor inside the package: levels interpolated between anchors elsewhere (no longitudinal profile). | AP36: secondary distribution chamber A wall and penetration built; its excavation backfilled to pipe zone. Lay as the closure to the structure. Where shoring is flagged, it is on the side facing the nearest structure or pile (Pieces, Nearest item). | AQ36: deeper than UG-16A-S01: complete first; deeper than UG-16B-S01: complete first; closure: lay after UG-10-S04 laid | AR36: =Activities!P345-Activities!Q343 -> -1 | AS36: =IF(Activities!K340=0,0,Activities!Q346-Activities!P340) -> 76
A37: UG-10 | B37: UG-10-S03 | C37: F3 | D37: GRP-UG10-S03-CH114-CH146-(-3.36/-3.76)-32m | E37: GRP | F37: 28 | G37: Run | I37: 0 | K37: 0 | L37: No | M37: 2 | N37: =_xlfn.MAXIFS('Piece check'!$E$6:$E$1643,'Piece check'!$B$6:$B$1643,B37) -> 2.6899937 | O37: =SUMIFS('Piece check'!$D$6:$D$1643,'Piece check'!$B$6:$B$1643,B37) -> 32.1 | P37: -3.358411 | Q37: -3.7610355 | R37: =_xlfn.MINIFS('Piece check'!$K$6:$K$1643,'Piece check'!$B$6:$B$1643,B37) -> -3.7610355 | S37: =MAX(0,GWL-R37) -> 2.2610355 | T37: =MAX(0,NG-R37) -> 3.0610355 | U37: =SUMIFS('Piece check'!$R$6:$R$1643,'Piece check'!$B$6:$B$1643,B37) -> 15.7 | V37: =O37-U37 -> 16.4 | W37: =IF(U37<0.05,"Open cut",IF(V37<0.05,"Sheet piles","Mixed: "&TEXT(U37,"0")&" m sheet piles")) -> Mixed: 16 m sheet piles | X37: =SUMIFS('Piece check'!$V$6:$V$1643,'Piece check'!$B$6:$B$1643,B37) -> 197.07524 | Y37: =SUMIFS('Piece check'!$W$6:$W$1643,'Piece check'!$B$6:$B$1643,B37) -> 464.58253 | Z37: =SUMIFS('Piece check'!$X$6:$X$1643,'Piece check'!$B$6:$B$1643,B37) -> 58.77672 | AA37: =SUMIFS('Piece check'!$Y$6:$Y$1643,'Piece check'!$B$6:$B$1643,B37) -> 178.67043 | AB37: =MAX(0,X37+Y37-Z37-AA37) -> 424.21063 | AC37: =(ROUNDUP(O37/PILE_SP,0)+1)*IF(N37>=PILE_THR,PILE_N_LARGE,PILE_N_SMALL) -> 24 | AD37: =2*U37 -> 31.4 | AE37: =IF(U37>0,ROUNDUP(T37*SHEET_RATIO,0),0) -> 7 | AF37: =AD37*AE37 -> 219.8 | AG37: =MAX(0,GWL-(R37-DD_BELOW)) -> 2.7610355 | AH37: =IF(AG37=0,"Not required",IF(AG37<=WP_LIMIT,"Single-stage wellpoints","Deep wells or two-stage wellpoints")) -> Single-stage wellpoints | AI37: =MIN(_xlfn.MINIFS('Piece check'!$Z$6:$Z$1643,'Piece check'!$B$6:$B$1643,B37),_xlfn.MINIFS('Piece check'!$AA$6:$AA$1643,'Piece check'!$B$6:$B$1643,B37)) -> 0 | AJ37: =MIN(_xlfn.MINIFS('Piece check'!$AB$6:$AB$1643,'Piece check'!$B$6:$B$1643,B37),_xlfn.MINIFS('Piece check'!$AC$6:$AC$1643,'Piece check'!$B$6:$B$1643,B37)) -> 1.05637 | AK37: =IF(AJ37<FOS_FLOT,"Anchor pipe to piled slab (permanent straps)",IF(AI37<FOS_FLOT,"Keep dewatering on until fill reaches FL, or strap to slab","No extra measure")) -> Anchor pipe to piled slab (permanent straps) | AL37: =Activities!P348 -> 46358 | AM37: =Activities!Q357 -> 46439 | AN37: 120 | AO37: Common holds only (see Read Me). | AP37: UG-15, UG-22 is deeper here: lay and backfill it first. Where shoring is flagged, it is on the side facing the nearest structure or pile (Pieces, Nearest item). | AQ37: excavate after UG-15-S02 backfilled (deeper); excavate after UG-15-S03 backfilled (deeper); excavate after UG-21-S01 backfilled (deeper); excavate after UG-22-S01 backfilled (deeper); deeper than UG-28-S01: complete first; excavate after UG-28-S02 backfilled (deeper); deeper than UG-28A-S01: complete first | AR37: =Activities!P356-Activities!Q354 -> -2 | AS37: =IF(Activities!K351=0,0,Activities!Q357-Activities!P351) -> 31
A38: UG-10 | B38: UG-10-S02 | C38: F3 | D38: GRP-UG10-S02-EL007-CH114-(-3.19/-3.36)-107m | E38: GRP | F38: 28 | G38: Run | I38: 0 | J38: 4, 7 (80 piles) | K38: =MAX(Aeration!$I$8,Aeration!$I$11) -> 46349 | L38: No | M38: 2 | N38: =_xlfn.MAXIFS('Piece check'!$E$6:$E$1643,'Piece check'!$B$6:$B$1643,B38) -> 2.6569954 | O38: =SUMIFS('Piece check'!$D$6:$D$1643,'Piece check'!$B$6:$B$1643,B38) -> 106.85592 | P38: -3.1884977 | Q38: -3.358411 | R38: =_xlfn.MINIFS('Piece check'!$K$6:$K$1643,'Piece check'!$B$6:$B$1643,B38) -> -3.358411 | S38: =MAX(0,GWL-R38) -> 1.858411 | T38: =MAX(0,NG-R38) -> 2.658411 | U38: =SUMIFS('Piece check'!$R$6:$R$1643,'Piece check'!$B$6:$B$1643,B38) -> 106.85592 | V38: =O38-U38 -> 0 | W38: =IF(U38<0.05,"Open cut",IF(V38<0.05,"Sheet piles","Mixed: "&TEXT(U38,"0")&" m sheet piles")) -> Sheet piles | X38: =SUMIFS('Piece check'!$V$6:$V$1643,'Piece check'!$B$6:$B$1643,B38) -> 1252.6038 | Y38: =SUMIFS('Piece check'!$W$6:$W$1643,'Piece check'!$B$6:$B$1643,B38) -> 0 | Z38: =SUMIFS('Piece check'!$X$6:$X$1643,'Piece check'!$B$6:$B$1643,B38) -> 195.38581 | AA38: =SUMIFS('Piece check'!$Y$6:$Y$1643,'Piece check'!$B$6:$B$1643,B38) -> 592.47509 | AB38: =MAX(0,X38+Y38-Z38-AA38) -> 464.74285 | AC38: =(ROUNDUP(O38/PILE_SP,0)+1)*IF(N38>=PILE_THR,PILE_N_LARGE,PILE_N_SMALL) -> 74 | AD38: =2*U38 -> 213.71184 | AE38: =IF(U38>0,ROUNDUP(T38*SHEET_RATIO,0),0) -> 6 | AF38: =AD38*AE38 -> 1282.2711 | AG38: =MAX(0,GWL-(R38-DD_BELOW)) -> 2.358411 | AH38: =IF(AG38=0,"Not required",IF(AG38<=WP_LIMIT,"Single-stage wellpoints","Deep wells or two-stage wellpoints")) -> Single-stage wellpoints | AI38: =MIN(_xlfn.MINIFS('Piece check'!$Z$6:$Z$1643,'Piece check'!$B$6:$B$1643,B38),_xlfn.MINIFS('Piece check'!$AA$6:$AA$1643,'Piece check'!$B$6:$B$1643,B38)) -> 0 | AJ38: =MIN(_xlfn.MINIFS('Piece check'!$AB$6:$AB$1643,'Piece check'!$B$6:$B$1643,B38),_xlfn.MINIFS('Piece check'!$AC$6:$AC$1643,'Piece check'!$B$6:$B$1643,B38)) -> 0.90697017 | AK38: =IF(AJ38<FOS_FLOT,"Anchor pipe to piled slab (permanent straps)",IF(AI38<FOS_FLOT,"Keep dewatering on until fill reaches FL, or strap to slab","No extra measure")) -> Anchor pipe to piled slab (permanent straps) | AL38: =Activities!P359 -> 46368 | AM38: =Activities!Q368 -> 46453 | AN38: 121 | AO38: Common holds only (see Read Me). | AP38: UG-21, UG-28 is deeper here: lay and backfill it first. Decide the sequence against the 79 pending piles within 15 m. Where shoring is flagged, it is on the side facing the nearest structure or pile (Pieces, Nearest item). | AQ38: excavate after UG-21-S01 backfilled (deeper); excavate after UG-22-S01 backfilled (deeper); deeper than UG-28-S01: complete first; excavate after UG-28-S02 backfilled (deeper); deeper than UG-28A-S01: complete first | AR38: =Activities!P367-Activities!Q365 -> -6 | AS38: =IF(Activities!K362=0,0,Activities!Q368-Activities!P362) -> 44
A39: UG-10 | B39: UG-10-S01 | C39: F3 | D39: GRP-UG10-S01-AER-EL007-(-3.20/-3.19)-7m | E39: GRP | F39: 28 | G39: Tie-in | H39: AER | I39: =MAX(Structures!$H$5) -> 0 | J39: 7 (1 piles) | K39: =MAX(Aeration!$I$11) -> 46349 | L39: No | M39: 2 | N39: =_xlfn.MAXIFS('Piece check'!$E$6:$E$1643,'Piece check'!$B$6:$B$1643,B39) -> 2.6899961 | O39: =SUMIFS('Piece check'!$D$6:$D$1643,'Piece check'!$B$6:$B$1643,B39) -> 7.4440778 | P39: -3.2049981 | Q39: -3.1884977 | R39: =_xlfn.MINIFS('Piece check'!$K$6:$K$1643,'Piece check'!$B$6:$B$1643,B39) -> -3.2049981 | S39: =MAX(0,GWL-R39) -> 1.7049981 | T39: =MAX(0,NG-R39) -> 2.5049981 | U39: =SUMIFS('Piece check'!$R$6:$R$1643,'Piece check'!$B$6:$B$1643,B39) -> 5.1999978 | V39: =O39-U39 -> 2.24408 | W39: =IF(U39<0.05,"Open cut",IF(V39<0.05,"Sheet piles","Mixed: "&TEXT(U39,"0")&" m sheet piles")) -> Mixed: 5 m sheet piles | X39: =SUMIFS('Piece check'!$V$6:$V$1643,'Piece check'!$B$6:$B$1643,B39) -> 60.677092 | Y39: =SUMIFS('Piece check'!$W$6:$W$1643,'Piece check'!$B$6:$B$1643,B39) -> 53.809586 | Z39: =SUMIFS('Piece check'!$X$6:$X$1643,'Piece check'!$B$6:$B$1643,B39) -> 13.691408 | AA39: =SUMIFS('Piece check'!$Y$6:$Y$1643,'Piece check'!$B$6:$B$1643,B39) -> 41.94588 | AB39: =MAX(0,X39+Y39-Z39-AA39) -> 58.849391 | AC39: =(ROUNDUP(O39/PILE_SP,0)+1)*IF(N39>=PILE_THR,PILE_N_LARGE,PILE_N_SMALL) -> 8 | AD39: =2*U39 -> 10.399996 | AE39: =IF(U39>0,ROUNDUP(T39*SHEET_RATIO,0),0) -> 6 | AF39: =AD39*AE39 -> 62.399974 | AG39: =MAX(0,GWL-(R39-DD_BELOW)) -> 2.2049981 | AH39: =IF(AG39=0,"Not required",IF(AG39<=WP_LIMIT,"Single-stage wellpoints","Deep wells or two-stage wellpoints")) -> Single-stage wellpoints | AI39: =MIN(_xlfn.MINIFS('Piece check'!$Z$6:$Z$1643,'Piece check'!$B$6:$B$1643,B39),_xlfn.MINIFS('Piece check'!$AA$6:$AA$1643,'Piece check'!$B$6:$B$1643,B39)) -> 0 | AJ39: =MIN(_xlfn.MINIFS('Piece check'!$AB$6:$AB$1643,'Piece check'!$B$6:$B$1643,B39),_xlfn.MINIFS('Piece check'!$AC$6:$AC$1643,'Piece check'!$B$6:$B$1643,B39)) -> 0.88151324 | AK39: =IF(AJ39<FOS_FLOT,"Anchor pipe to piled slab (permanent straps)",IF(AI39<FOS_FLOT,"Keep dewatering on until fill reaches FL, or strap to slab","No extra measure")) -> Anchor pipe to piled slab (permanent straps) | AL39: =Activities!P370 -> 46374 | AM39: =Activities!Q379 -> 46459 | AN39: 124 | AO39: Common holds only (see Read Me). | AP39: aeration tank wall and penetration built; its excavation backfilled to pipe zone. Lay as the closure to the structure. Decide the sequence against the 1 pending piles within 15 m. Where shoring is flagged, it is on the side facing the nearest structure or pile (Pieces, Nearest item). | AQ39: closure: lay after UG-10-S02 laid | AR39: =Activities!P378-Activities!Q376 -> -2 | AS39: =IF(Activities!K373=0,0,Activities!Q379-Activities!P373) -> 82
A40: UG-08 | B40: UG-08-S06 | C40: F3 | D40: GRP-UG08-S06-CH224-CH277-(-4.99/-4.99)-53m | E40: GRP | F40: 28 | G40: Run | I40: 0 | K40: 0 | L40: No | M40: 0 | N40: =_xlfn.MAXIFS('Piece check'!$E$6:$E$1643,'Piece check'!$B$6:$B$1643,B40) -> 2.6569993 | O40: =SUMIFS('Piece check'!$D$6:$D$1643,'Piece check'!$B$6:$B$1643,B40) -> 53.014 | P40: -4.9884996 | Q40: -4.9884996 | R40: =_xlfn.MINIFS('Piece check'!$K$6:$K$1643,'Piece check'!$B$6:$B$1643,B40) -> -4.9884996 | S40: =MAX(0,GWL-R40) -> 3.4884996 | T40: =MAX(0,NG-R40) -> 4.2884996 | U40: =SUMIFS('Piece check'!$R$6:$R$1643,'Piece check'!$B$6:$B$1643,B40) -> 53.014 | V40: =O40-U40 -> 0 | W40: =IF(U40<0.05,"Open cut",IF(V40<0.05,"Sheet piles","Mixed: "&TEXT(U40,"0")&" m sheet piles")) -> Sheet piles | X40: =SUMIFS('Piece check'!$V$6:$V$1643,'Piece check'!$B$6:$B$1643,B40) -> 1058.7712 | Y40: =SUMIFS('Piece check'!$W$6:$W$1643,'Piece check'!$B$6:$B$1643,B40) -> 0 | Z40: =SUMIFS('Piece check'!$X$6:$X$1643,'Piece check'!$B$6:$B$1643,B40) -> 96.936079 | AA40: =SUMIFS('Piece check'!$Y$6:$Y$1643,'Piece check'!$B$6:$B$1643,B40) -> 293.94313 | AB40: =MAX(0,X40+Y40-Z40-AA40) -> 667.89199 | AC40: =(ROUNDUP(O40/PILE_SP,0)+1)*IF(N40>=PILE_THR,PILE_N_LARGE,PILE_N_SMALL) -> 38 | AD40: =2*U40 -> 106.028 | AE40: =IF(U40>0,ROUNDUP(T40*SHEET_RATIO,0),0) -> 9 | AF40: =AD40*AE40 -> 954.252 | AG40: =MAX(0,GWL-(R40-DD_BELOW)) -> 3.9884996 | AH40: =IF(AG40=0,"Not required",IF(AG40<=WP_LIMIT,"Single-stage wellpoints","Deep wells or two-stage wellpoints")) -> Single-stage wellpoints | AI40: =MIN(_xlfn.MINIFS('Piece check'!$Z$6:$Z$1643,'Piece check'!$B$6:$B$1643,B40),_xlfn.MINIFS('Piece check'!$AA$6:$AA$1643,'Piece check'!$B$6:$B$1643,B40)) -> 0.83603851 | AJ40: =MIN(_xlfn.MINIFS('Piece check'!$AB$6:$AB$1643,'Piece check'!$B$6:$B$1643,B40),_xlfn.MINIFS('Piece check'!$AC$6:$AC$1643,'Piece check'!$B$6:$B$1643,B40)) -> 2.3307973 | AK40: =IF(AJ40<FOS_FLOT,"Anchor pipe to piled slab (permanent straps)",IF(AI40<FOS_FLOT,"Keep dewatering on until fill reaches FL, or strap to slab","No extra measure")) -> Keep dewatering on until fill reaches FL, or strap to slab | AL40: =Activities!P381 -> 46374 | AM40: =Activities!Q390 -> 46534 | AN40: 125 | AO40: No drawing level anchor inside the package: levels interpolated between anchors elsewhere (no longitudinal profile). | AP40: Where shoring is flagged, it is on the side facing the nearest structure or pile (Pieces, Nearest item). | AQ40: shared trench with UG-09-S06: backfill after both laid | AR40: =Activities!P389-Activities!Q387 -> 71 | AS40: =IF(Activities!K384=0,0,Activities!Q390-Activities!P384) -> 117
A41: UG-09 | B41: UG-09-S07 | C41: F3 | D41: GRP-UG09-S07-CH231-CH282-(-4.98/-4.98)-51m | E41: GRP | F41: 28 | G41: Run | I41: 0 | K41: 0 | L41: No | M41: 0 | N41: =_xlfn.MAXIFS('Piece check'!$E$6:$E$1643,'Piece check'!$B$6:$B$1643,B41) -> 2.656994 | O41: =SUMIFS('Piece check'!$D$6:$D$1643,'Piece check'!$B$6:$B$1643,B41) -> 51.181853 | P41: -4.978497 | Q41: -4.978497 | R41: =_xlfn.MINIFS('Piece check'!$K$6:$K$1643,'Piece check'!$B$6:$B$1643,B41) -> -4.978497 | S41: =MAX(0,GWL-R41) -> 3.478497 | T41: =MAX(0,NG-R41) -> 4.278497 | U41: =SUMIFS('Piece check'!$R$6:$R$1643,'Piece check'!$B$6:$B$1643,B41) -> 51.181853 | V41: =O41-U41 -> 0 | W41: =IF(U41<0.05,"Open cut",IF(V41<0.05,"Sheet piles","Mixed: "&TEXT(U41,"0")&" m sheet piles")) -> Sheet piles | X41: =SUMIFS('Piece check'!$V$6:$V$1643,'Piece check'!$B$6:$B$1643,B41) -> 1019.7951 | Y41: =SUMIFS('Piece check'!$W$6:$W$1643,'Piece check'!$B$6:$B$1643,B41) -> 0 | Z41: =SUMIFS('Piece check'!$X$6:$X$1643,'Piece check'!$B$6:$B$1643,B41) -> 93.585865 | AA41: =SUMIFS('Piece check'!$Y$6:$Y$1643,'Piece check'!$B$6:$B$1643,B41) -> 283.78343 | AB41: =MAX(0,X41+Y41-Z41-AA41) -> 642.42579 | AC41: =(ROUNDUP(O41/PILE_SP,0)+1)*IF(N41>=PILE_THR,PILE_N_LARGE,PILE_N_SMALL) -> 38 | AD41: =2*U41 -> 102.36371 | AE41: =IF(U41>0,ROUNDUP(T41*SHEET_RATIO,0),0) -> 9 | AF41: =AD41*AE41 -> 921.27335 | AG41: =MAX(0,GWL-(R41-DD_BELOW)) -> 3.978497 | AH41: =IF(AG41=0,"Not required",IF(AG41<=WP_LIMIT,"Single-stage wellpoints","Deep wells or two-stage wellpoints")) -> Single-stage wellpoints | AI41: =MIN(_xlfn.MINIFS('Piece check'!$Z$6:$Z$1643,'Piece check'!$B$6:$B$1643,B41),_xlfn.MINIFS('Piece check'!$AA$6:$AA$1643,'Piece check'!$B$6:$B$1643,B41)) -> 0.83204051 | AJ41: =MIN(_xlfn.MINIFS('Piece check'!$AB$6:$AB$1643,'Piece check'!$B$6:$B$1643,B41),_xlfn.MINIFS('Piece check'!$AC$6:$AC$1643,'Piece check'!$B$6:$B$1643,B41)) -> 2.3268022 | AK41: =IF(AJ41<FOS_FLOT,"Anchor pipe to piled slab (permanent straps)",IF(AI41<FOS_FLOT,"Keep dewatering on until fill reaches FL, or strap to slab","No extra measure")) -> Keep dewatering on until fill reaches FL, or strap to slab | AL41: =Activities!P392 -> 46392 | AM41: =Activities!Q401 -> 46537 | AN41: 126 | AO41: Common holds only (see Read Me). | AP41: Where shoring is flagged, it is on the side facing the nearest structure or pile (Pieces, Nearest item). | AQ41: shared trench with UG-08-S05: backfill after both laid | AR41: =Activities!P400-Activities!Q398 -> 64 | AS41: =IF(Activities!K395=0,0,Activities!Q401-Activities!P395) -> 114
A42: UG-08 | B42: UG-08-S05 | C42: F3 | D42: GRP-UG08-S05-CH108-CH224-(-3.18/-4.99)-116m | E42: GRP | F42: 28 | G42: Run | I42: 0 | K42: 0 | L42: No | M42: 8 | N42: =_xlfn.MAXIFS('Piece check'!$E$6:$E$1643,'Piece check'!$B$6:$B$1643,B42) -> 2.6900008 | O42: =SUMIFS('Piece check'!$D$6:$D$1643,'Piece check'!$B$6:$B$1643,B42) -> 116.1 | P42: -3.1750004 | Q42: -4.9884996 | R42: =_xlfn.MINIFS('Piece check'!$K$6:$K$1643,'Piece check'!$B$6:$B$1643,B42) -> -4.9884996 | S42: =MAX(0,GWL-R42) -> 3.4884996 | T42: =MAX(0,NG-R42) -> 4.2884996 | U42: =SUMIFS('Piece check'!$R$6:$R$1643,'Piece check'!$B$6:$B$1643,B42) -> 54.1 | V42: =O42-U42 -> 62 | W42: =IF(U42<0.05,"Open cut",IF(V42<0.05,"Sheet piles","Mixed: "&TEXT(U42,"0")&" m sheet piles")) -> Mixed: 54 m sheet piles | X42: =SUMIFS('Piece check'!$V$6:$V$1643,'Piece check'!$B$6:$B$1643,B42) -> 886.82389 | Y42: =SUMIFS('Piece check'!$W$6:$W$1643,'Piece check'!$B$6:$B$1643,B42) -> 1474.3357 | Z42: =SUMIFS('Piece check'!$X$6:$X$1643,'Piece check'!$B$6:$B$1643,B42) -> 213.00201 | AA42: =SUMIFS('Piece check'!$Y$6:$Y$1643,'Piece check'!$B$6:$B$1643,B42) -> 649.72752 | AB42: =MAX(0,X42+Y42-Z42-AA42) -> 1498.43 | AC42: =(ROUNDUP(O42/PILE_SP,0)+1)*IF(N42>=PILE_THR,PILE_N_LARGE,PILE_N_SMALL) -> 80 | AD42: =2*U42 -> 108.2 | AE42: =IF(U42>0,ROUNDUP(T42*SHEET_RATIO,0),0) -> 9 | AF42: =AD42*AE42 -> 973.8 | AG42: =MAX(0,GWL-(R42-DD_BELOW)) -> 3.9884996 | AH42: =IF(AG42=0,"Not required",IF(AG42<=WP_LIMIT,"Single-stage wellpoints","Deep wells or two-stage wellpoints")) -> Single-stage wellpoints | AI42: =MIN(_xlfn.MINIFS('Piece check'!$Z$6:$Z$1643,'Piece check'!$B$6:$B$1643,B42),_xlfn.MINIFS('Piece check'!$AA$6:$AA$1643,'Piece check'!$B$6:$B$1643,B42)) -> 0 | AJ42: =MIN(_xlfn.MINIFS('Piece check'!$AB$6:$AB$1643,'Piece check'!$B$6:$B$1643,B42),_xlfn.MINIFS('Piece check'!$AC$6:$AC$1643,'Piece check'!$B$6:$B$1643,B42)) -> 0.85545514 | AK42: =IF(AJ42<FOS_FLOT,"Anchor pipe to piled slab (permanent straps)",IF(AI42<FOS_FLOT,"Keep dewatering on until fill reaches FL, or strap to slab","No extra measure")) -> Anchor pipe to piled slab (permanent straps) | AL42: =Activities!P403 -> 46402 | AM42: =Activities!Q412 -> 46563 | AN42: 127 | AO42: Common holds only (see Read Me). | AP42: One shared excavation and dewatering front with UG-09: lay all pipes before backfill. UG-12, UG-13B is deeper here: lay and backfill it first. Where shoring is flagged, it is on the side facing the nearest structure or pile (Pieces, Nearest item). | AQ42: excavate after UG-12-S03 backfilled (deeper); excavate after UG-13-S03 backfilled (deeper); excavate after UG-13B-S11 backfilled (deeper); shared trench with UG-09-S04: backfill after both laid; shared trench with UG-09-S05: backfill after both laid; shared trench with UG-09-S06: backfill after both laid; shared trench with UG-09-S07: start excavation with it | AR42: =Activities!P411-Activities!Q409 -> 72 | AS42: =IF(Activities!K406=0,0,Activities!Q412-Activities!P406) -> 135
A43: UG-09 | B43: UG-09-S06 | C43: F3 | D43: GRP-UG09-S06-CH168-CH231-(-3.30/-4.98)-62m | E43: GRP | F43: 28 | G43: Run | I43: 0 | K43: 0 | L43: No | M43: 2 | N43: =_xlfn.MAXIFS('Piece check'!$E$6:$E$1643,'Piece check'!$B$6:$B$1643,B43) -> 2.6569977 | O43: =SUMIFS('Piece check'!$D$6:$D$1643,'Piece check'!$B$6:$B$1643,B43) -> 62.117147 | P43: -3.2982242 | Q43: -4.978497 | R43: =_xlfn.MINIFS('Piece check'!$K$6:$K$1643,'Piece check'!$B$6:$B$1643,B43) -> -4.978497 | S43: =MAX(0,GWL-R43) -> 3.478497 | T43: =MAX(0,NG-R43) -> 4.278497 | U43: =SUMIFS('Piece check'!$R$6:$R$1643,'Piece check'!$B$6:$B$1643,B43) -> 60.617147 | V43: =O43-U43 -> 1.5 | W43: =IF(U43<0.05,"Open cut",IF(V43<0.05,"Sheet piles","Mixed: "&TEXT(U43,"0")&" m sheet piles")) -> Mixed: 61 m sheet piles | X43: =SUMIFS('Piece check'!$V$6:$V$1643,'Piece check'!$B$6:$B$1643,B43) -> 976.35606 | Y43: =SUMIFS('Piece check'!$W$6:$W$1643,'Piece check'!$B$6:$B$1643,B43) -> 38.381418 | Z43: =SUMIFS('Piece check'!$X$6:$X$1643,'Piece check'!$B$6:$B$1643,B43) -> 113.58113 | AA43: =SUMIFS('Piece check'!$Y$6:$Y$1643,'Piece check'!$B$6:$B$1643,B43) -> 344.41629 | AB43: =MAX(0,X43+Y43-Z43-AA43) -> 556.74007 | AC43: =(ROUNDUP(O43/PILE_SP,0)+1)*IF(N43>=PILE_THR,PILE_N_LARGE,PILE_N_SMALL) -> 44 | AD43: =2*U43 -> 121.23429 | AE43: =IF(U43>0,ROUNDUP(T43*SHEET_RATIO,0),0) -> 9 | AF43: =AD43*AE43 -> 1091.1087 | AG43: =MAX(0,GWL-(R43-DD_BELOW)) -> 3.978497 | AH43: =IF(AG43=0,"Not required",IF(AG43<=WP_LIMIT,"Single-stage wellpoints","Deep wells or two-stage wellpoints")) -> Single-stage wellpoints | AI43: =MIN(_xlfn.MINIFS('Piece check'!$Z$6:$Z$1643,'Piece check'!$B$6:$B$1643,B43),_xlfn.MINIFS('Piece check'!$AA$6:$AA$1643,'Piece check'!$B$6:$B$1643,B43)) -> 0 | AJ43: =MIN(_xlfn.MINIFS('Piece check'!$AB$6:$AB$1643,'Piece check'!$B$6:$B$1643,B43),_xlfn.MINIFS('Piece check'!$AC$6:$AC$1643,'Piece check'!$B$6:$B$1643,B43)) -> 1.0034467 | AK43: =IF(AJ43<FOS_FLOT,"Anchor pipe to piled slab (permanent straps)",IF(AI43<FOS_FLOT,"Keep dewatering on until fill reaches FL, or strap to slab","No extra measure")) -> Anchor pipe to piled slab (permanent straps) | AL43: =Activities!P414 -> 46412 | AM43: =Activities!Q423 -> 46567 | AN43: 128 | AO43: Common holds only (see Read Me). | AP43: One shared excavation and dewatering front with UG-08: lay all pipes before backfill. Where shoring is flagged, it is on the side facing the nearest structure or pile (Pieces, Nearest item). | AQ43: excavate after UG-13B-S08 backfilled (deeper); shared trench with UG-08-S05: start excavation with it; shared trench with UG-08-S06: start excavation with it | AR43: =Activities!P422-Activities!Q420 -> 33 | AS43: =IF(Activities!K417=0,0,Activities!Q423-Activities!P417) -> 110
A44: UG-09 | B44: UG-09-S05 | C44: F3 | D44: GRP-UG09-S05-CH150-CH168-(-3.17/-3.30)-18m | E44: GRP | F44: 28 | G44: Run | I44: 0 | K44: 0 | L44: No | M44: 6 | N44: =_xlfn.MAXIFS('Piece check'!$E$6:$E$1643,'Piece check'!$B$6:$B$1643,B44) -> 2.6899923 | O44: =SUMIFS('Piece check'!$D$6:$D$1643,'Piece check'!$B$6:$B$1643,B44) -> 18.1 | P44: -3.1749962 | Q44: -3.2982242 | R44: =_xlfn.MINIFS('Piece check'!$K$6:$K$1643,'Piece check'!$B$6:$B$1643,B44) -> -3.2982242 | S44: =MAX(0,GWL-R44) -> 1.7982242 | T44: =MAX(0,NG-R44) -> 2.5982242 | U44: =SUMIFS('Piece check'!$R$6:$R$1643,'Piece check'!$B$6:$B$1643,B44) -> 0 | V44: =O44-U44 -> 18.1 | W44: =IF(U44<0.05,"Open cut",IF(V44<0.05,"Sheet piles","Mixed: "&TEXT(U44,"0")&" m sheet piles")) -> Open cut | X44: =SUMIFS('Piece check'!$V$6:$V$1643,'Piece check'!$B$6:$B$1643,B44) -> 0 | Y44: =SUMIFS('Piece check'!$W$6:$W$1643,'Piece check'!$B$6:$B$1643,B44) -> 430.34424 | Z44: =SUMIFS('Piece check'!$X$6:$X$1643,'Piece check'!$B$6:$B$1643,B44) -> 33.140593 | AA44: =SUMIFS('Piece check'!$Y$6:$Y$1643,'Piece check'!$B$6:$B$1643,B44) -> 100.73917 | AB44: =MAX(0,X44+Y44-Z44-AA44) -> 296.46448 | AC44: =(ROUNDUP(O44/PILE_SP,0)+1)*IF(N44>=PILE_THR,PILE_N_LARGE,PILE_N_SMALL) -> 16 | AD44: =2*U44 -> 0 | AE44: =IF(U44>0,ROUNDUP(T44*SHEET_RATIO,0),0) -> 0 | AF44: =AD44*AE44 -> 0 | AG44: =MAX(0,GWL-(R44-DD_BELOW)) -> 2.2982242 | AH44: =IF(AG44=0,"Not required",IF(AG44<=WP_LIMIT,"Single-stage wellpoints","Deep wells or two-stage wellpoints")) -> Single-stage wellpoints | AI44: =MIN(_xlfn.MINIFS('Piece check'!$Z$6:$Z$1643,'Piece check'!$B$6:$B$1643,B44),_xlfn.MINIFS('Piece check'!$AA$6:$AA$1643,'Piece check'!$B$6:$B$1643,B44)) -> 0 | AJ44: =MIN(_xlfn.MINIFS('Piece check'!$AB$6:$AB$1643,'Piece check'!$B$6:$B$1643,B44),_xlfn.MINIFS('Piece check'!$AC$6:$AC$1643,'Piece check'!$B$6:$B$1643,B44)) -> 0.85546156 | AK44: =IF(AJ44<FOS_FLOT,"Anchor pipe to piled slab (permanent straps)",IF(AI44<FOS_FLOT,"Keep dewatering on until fill reaches FL, or strap to slab","No extra measure")) -> Anchor pipe to piled slab (permanent straps) | AL44: =Activities!P425 -> 46431 | AM44: =Activities!Q434 -> 46568 | AN44: 129 | AO44: Common holds only (see Read Me). | AP44: One shared excavation and dewatering front with UG-08: lay all pipes before backfill. UG-13B is deeper here: lay and backfill it first. Where shoring is flagged, it is on the side facing the nearest structure or pile (Pieces, Nearest item). | AQ44: excavate after UG-12-S03 backfilled (deeper); excavate after UG-13B-S07 backfilled (deeper); excavate after UG-13B-S08 backfilled (deeper); excavate after UG-13B-S09 backfilled (deeper); excavate after UG-13B-S11 backfilled (deeper); shared trench with UG-08-S05: start excavation with it | AR44: =Activities!P433-Activities!Q431 -> 30 | AS44: =IF(Activities!K428=0,0,Activities!Q434-Activities!P428) -> 60
A45: UG-08 | B45: UG-08-S04 | C45: F3 | D45: GRP-UG08-S04-CH060-CH108-(-3.17/-3.18)-48m | E45: GRP | F45: 28 | G45: Run | I45: 0 | K45: 0 | L45: No | M45: 3 | N45: =_xlfn.MAXIFS('Piece check'!$E$6:$E$1643,'Piece check'!$B$6:$B$1643,B45) -> 2.6900008 | O45: =SUMIFS('Piece check'!$D$6:$D$1643,'Piece check'!$B$6:$B$1643,B45) -> 48 | P45: -3.1749952 | Q45: -3.1750004 | R45: =_xlfn.MINIFS('Piece check'!$K$6:$K$1643,'Piece check'!$B$6:$B$1643,B45) -> -3.1750004 | S45: =MAX(0,GWL-R45) -> 1.6750004 | T45: =MAX(0,NG-R45) -> 2.4750004 | U45: =SUMIFS('Piece check'!$R$6:$R$1643,'Piece check'!$B$6:$B$1643,B45) -> 0 | V45: =O45-U45 -> 48 | W45: =IF(U45<0.05,"Open cut",IF(V45<0.05,"Sheet piles","Mixed: "&TEXT(U45,"0")&" m sheet piles")) -> Open cut | X45: =SUMIFS('Piece check'!$V$6:$V$1643,'Piece check'!$B$6:$B$1643,B45) -> 0 | Y45: =SUMIFS('Piece check'!$W$6:$W$1643,'Piece check'!$B$6:$B$1643,B45) -> 1129.8708 | Z45: =SUMIFS('Piece check'!$X$6:$X$1643,'Piece check'!$B$6:$B$1643,B45) -> 88.55994 | AA45: =SUMIFS('Piece check'!$Y$6:$Y$1643,'Piece check'!$B$6:$B$1643,B45) -> 272.79403 | AB45: =MAX(0,X45+Y45-Z45-AA45) -> 768.51685 | AC45: =(ROUNDUP(O45/PILE_SP,0)+1)*IF(N45>=PILE_THR,PILE_N_LARGE,PILE_N_SMALL) -> 34 | AD45: =2*U45 -> 0 | AE45: =IF(U45>0,ROUNDUP(T45*SHEET_RATIO,0),0) -> 0 | AF45: =AD45*AE45 -> 0 | AG45: =MAX(0,GWL-(R45-DD_BELOW)) -> 2.1750004 | AH45: =IF(AG45=0,"Not required",IF(AG45<=WP_LIMIT,"Single-stage wellpoints","Deep wells or two-stage wellpoints")) -> Single-stage wellpoints | AI45: =MIN(_xlfn.MINIFS('Piece check'!$Z$6:$Z$1643,'Piece check'!$B$6:$B$1643,B45),_xlfn.MINIFS('Piece check'!$AA$6:$AA$1643,'Piece check'!$B$6:$B$1643,B45)) -> 0 | AJ45: =MIN(_xlfn.MINIFS('Piece check'!$AB$6:$AB$1643,'Piece check'!$B$6:$B$1643,B45),_xlfn.MINIFS('Piece check'!$AC$6:$AC$1643,'Piece check'!$B$6:$B$1643,B45)) -> 0.85545514 | AK45: =IF(AJ45<FOS_FLOT,"Anchor pipe to piled slab (permanent straps)",IF(AI45<FOS_FLOT,"Keep dewatering on until fill reaches FL, or strap to slab","No extra measure")) -> Anchor pipe to piled slab (permanent straps) | AL45: =Activities!P436 -> 46442 | AM45: =Activities!Q445 -> 46579 | AN45: 130 | AO45: No drawing level anchor inside the package: levels interpolated between anchors elsewhere (no longitudinal profile). | AP45: One shared excavation and dewatering front with UG-09: lay all pipes before backfill. UG-13, UG-23 is deeper here: lay and backfill it first. Where shoring is flagged, it is on the side facing the nearest structure or pile (Pieces, Nearest item). | AQ45: excavate after UG-11-S03 backfilled (deeper); excavate after UG-11-S04 backfilled (deeper); excavate after UG-13-S05 backfilled (deeper); excavate after UG-23-S02 backfilled (deeper); excavate after UG-23-S03 backfilled (deeper); excavate after UG-23-S04 backfilled (deeper); shared trench with UG-09-S03: backfill after both laid; shared trench with UG-09-S04: backfill after both laid | AR45: =Activities!P444-Activities!Q442 -> 30 | AS45: =IF(Activities!K439=0,0,Activities!Q445-Activities!P439) -> 70
A46: UG-09 | B46: UG-09-S04 | C46: F3 | D46: GRP-UG09-S04-CH067-CH150-(-3.16/-3.17)-83m | E46: GRP | F46: 28 | G46: Run | I46: 0 | K46: 0 | L46: No | M46: 4 | N46: =_xlfn.MAXIFS('Piece check'!$E$6:$E$1643,'Piece check'!$B$6:$B$1643,B46) -> 2.6899923 | O46: =SUMIFS('Piece check'!$D$6:$D$1643,'Piece check'!$B$6:$B$1643,B46) -> 83.2 | P46: -3.1584982 | Q46: -3.1749962 | R46: =_xlfn.MINIFS('Piece check'!$K$6:$K$1643,'Piece check'!$B$6:$B$1643,B46) -> -3.1749962 | S46: =MAX(0,GWL-R46) -> 1.6749962 | T46: =MAX(0,NG-R46) -> 2.4749962 | U46: =SUMIFS('Piece check'!$R$6:$R$1643,'Piece check'!$B$6:$B$1643,B46) -> 0 | V46: =O46-U46 -> 83.2 | W46: =IF(U46<0.05,"Open cut",IF(V46<0.05,"Sheet piles","Mixed: "&TEXT(U46,"0")&" m sheet piles")) -> Open cut | X46: =SUMIFS('Piece check'!$V$6:$V$1643,'Piece check'!$B$6:$B$1643,B46) -> 0 | Y46: =SUMIFS('Piece check'!$W$6:$W$1643,'Piece check'!$B$6:$B$1643,B46) -> 1958.308 | Z46: =SUMIFS('Piece check'!$X$6:$X$1643,'Piece check'!$B$6:$B$1643,B46) -> 153.49698 | AA46: =SUMIFS('Piece check'!$Y$6:$Y$1643,'Piece check'!$B$6:$B$1643,B46) -> 472.78487 | AB46: =MAX(0,X46+Y46-Z46-AA46) -> 1332.0262 | AC46: =(ROUNDUP(O46/PILE_SP,0)+1)*IF(N46>=PILE_THR,PILE_N_LARGE,PILE_N_SMALL) -> 58 | AD46: =2*U46 -> 0 | AE46: =IF(U46>0,ROUNDUP(T46*SHEET_RATIO,0),0) -> 0 | AF46: =AD46*AE46 -> 0 | AG46: =MAX(0,GWL-(R46-DD_BELOW)) -> 2.1749962 | AH46: =IF(AG46=0,"Not required",IF(AG46<=WP_LIMIT,"Single-stage wellpoints","Deep wells or two-stage wellpoints")) -> Single-stage wellpoints | AI46: =MIN(_xlfn.MINIFS('Piece check'!$Z$6:$Z$1643,'Piece check'!$B$6:$B$1643,B46),_xlfn.MINIFS('Piece check'!$AA$6:$AA$1643,'Piece check'!$B$6:$B$1643,B46)) -> 0 | AJ46: =MIN(_xlfn.MINIFS('Piece check'!$AB$6:$AB$1643,'Piece check'!$B$6:$B$1643,B46),_xlfn.MINIFS('Piece check'!$AC$6:$AC$1643,'Piece check'!$B$6:$B$1643,B46)) -> 0.85546156 | AK46: =IF(AJ46<FOS_FLOT,"Anchor pipe to piled slab (permanent straps)",IF(AI46<FOS_FLOT,"Keep dewatering on until fill reaches FL, or strap to slab","No extra measure")) -> Anchor pipe to piled slab (permanent straps) | AL46: =Activities!P447 -> 46447 | AM46: =Activities!Q456 -> 46584 | AN46: 131 | AO46: No drawing level anchor inside the package: levels interpolated between anchors elsewhere (no longitudinal profile). | AP46: One shared excavation and dewatering front with UG-08: lay all pipes before backfill. UG-12, UG-13B, UG-23 is deeper here: lay and backfill it first. Where shoring is flagged, it is on the side facing the nearest structure or pile (Pieces, Nearest item). | AQ46: excavate after UG-12-S03 backfilled (deeper); excavate after UG-13B-S07 backfilled (deeper); excavate after UG-13B-S08 backfilled (deeper); excavate after UG-13B-S11 backfilled (deeper); excavate after UG-23-S03 backfilled (deeper); excavate after UG-23-S04 backfilled (deeper); shared trench with UG-08-S03: backfill after both laid; shared trench with UG-08-S04: start excavation with it; shared trench with UG-08-S05: start excavation with it | AR46: =Activities!P455-Activities!Q453 -> 22 | AS46: =IF(Activities!K450=0,0,Activities!Q456-Activities!P450) -> 72
A47: UG-08 | B47: UG-08-S03 | C47: F3 | D47: GRP-UG08-S03-CH038-CH060-(-3.16/-3.17)-22m | E47: GRP | F47: 28 | G47: Run | I47: 0 | K47: 0 | L47: No | M47: 2 | N47: =_xlfn.MAXIFS('Piece check'!$E$6:$E$1643,'Piece check'!$B$6:$B$1643,B47) -> 2.6899905 | O47: =SUMIFS('Piece check'!$D$6:$D$1643,'Piece check'!$B$6:$B$1643,B47) -> 22 | P47: -3.1584989 | Q47: -3.1749952 | R47: =_xlfn.MINIFS('Piece check'!$K$6:$K$1643,'Piece check'!$B$6:$B$1643,B47) -> -3.1749952 | S47: =MAX(0,GWL-R47) -> 1.6749952 | T47: =MAX(0,NG-R47) -> 2.4749952 | U47: =SUMIFS('Piece check'!$R$6:$R$1643,'Piece check'!$B$6:$B$1643,B47) -> 18.908037 | V47: =O47-U47 -> 3.0919634 | W47: =IF(U47<0.05,"Open cut",IF(V47<0.05,"Sheet piles","Mixed: "&TEXT(U47,"0")&" m sheet piles")) -> Mixed: 19 m sheet piles | X47: =SUMIFS('Piece check'!$V$6:$V$1643,'Piece check'!$B$6:$B$1643,B47) -> 216.48234 | Y47: =SUMIFS('Piece check'!$W$6:$W$1643,'Piece check'!$B$6:$B$1643,B47) -> 71.946177 | Z47: =SUMIFS('Piece check'!$X$6:$X$1643,'Piece check'!$B$6:$B$1643,B47) -> 40.235091 | AA47: =SUMIFS('Piece check'!$Y$6:$Y$1643,'Piece check'!$B$6:$B$1643,B47) -> 122.04993 | AB47: =MAX(0,X47+Y47-Z47-AA47) -> 126.1435 | AC47: =(ROUNDUP(O47/PILE_SP,0)+1)*IF(N47>=PILE_THR,PILE_N_LARGE,PILE_N_SMALL) -> 18 | AD47: =2*U47 -> 37.816073 | AE47: =IF(U47>0,ROUNDUP(T47*SHEET_RATIO,0),0) -> 5 | AF47: =AD47*AE47 -> 189.08037 | AG47: =MAX(0,GWL-(R47-DD_BELOW)) -> 2.1749952 | AH47: =IF(AG47=0,"Not required",IF(AG47<=WP_LIMIT,"Single-stage wellpoints","Deep wells or two-stage wellpoints")) -> Single-stage wellpoints | AI47: =MIN(_xlfn.MINIFS('Piece check'!$Z$6:$Z$1643,'Piece check'!$B$6:$B$1643,B47),_xlfn.MINIFS('Piece check'!$AA$6:$AA$1643,'Piece check'!$B$6:$B$1643,B47)) -> 0 | AJ47: =MIN(_xlfn.MINIFS('Piece check'!$AB$6:$AB$1643,'Piece check'!$B$6:$B$1643,B47),_xlfn.MINIFS('Piece check'!$AC$6:$AC$1643,'Piece check'!$B$6:$B$1643,B47)) -> 0.85546293 | AK47: =IF(AJ47<FOS_FLOT,"Anchor pipe to piled slab (permanent straps)",IF(AI47<FOS_FLOT,"Keep dewatering on until fill reaches FL, or strap to slab","No extra measure")) -> Anchor pipe to piled slab (permanent straps) | AL47: =Activities!P458 -> 46456 | AM47: =Activities!Q467 -> 46586 | AN47: 132 | AO47: Common holds only (see Read Me). | AP47: One shared excavation and dewatering front with UG-09: lay all pipes before backfill. UG-11, UG-23 is deeper here: lay and backfill it first. Where shoring is flagged, it is on the side facing the nearest structure or pile (Pieces, Nearest item). | AQ47: excavate after UG-11-S03 backfilled (deeper); excavate after UG-11-S04 backfilled (deeper); excavate after UG-23-S03 backfilled (deeper); excavate after UG-23-S04 backfilled (deeper); excavate after UG-23-S05 backfilled (deeper); shared trench with UG-09-S02: backfill after both laid; shared trench with UG-09-S03: backfill after both laid; shared trench with UG-09-S04: start excavation with it | AR47: =Activities!P466-Activities!Q464 -> 21 | AS47: =IF(Activities!K461=0,0,Activities!Q467-Activities!P461) -> 66
A48: UG-08 | B48: UG-08-S02 | C48: F3 | D48: GRP-UG08-S02-EL021-CH038-(-3.16/-3.16)-17m | E48: GRP | F48: 28 | G48: Run | I48: 0 | K48: 0 | L48: No | M48: 0 | N48: =_xlfn.MAXIFS('Piece check'!$E$6:$E$1643,'Piece check'!$B$6:$B$1643,B48) -> 2.6569978 | O48: =SUMIFS('Piece check'!$D$6:$D$1643,'Piece check'!$B$6:$B$1643,B48) -> 17.478903 | P48: -3.1584989 | Q48: -3.1584989 | R48: =_xlfn.MINIFS('Piece check'!$K$6:$K$1643,'Piece check'!$B$6:$B$1643,B48) -> -3.1584989 | S48: =MAX(0,GWL-R48) -> 1.6584989 | T48: =MAX(0,NG-R48) -> 2.4584989 | U48: =SUMIFS('Piece check'!$R$6:$R$1643,'Piece check'!$B$6:$B$1643,B48) -> 17.478903 | V48: =O48-U48 -> 0 | W48: =IF(U48<0.05,"Open cut",IF(V48<0.05,"Sheet piles","Mixed: "&TEXT(U48,"0")&" m sheet piles")) -> Sheet piles | X48: =SUMIFS('Piece check'!$V$6:$V$1643,'Piece check'!$B$6:$B$1643,B48) -> 200.11988 | Y48: =SUMIFS('Piece check'!$W$6:$W$1643,'Piece check'!$B$6:$B$1643,B48) -> 0 | Z48: =SUMIFS('Piece check'!$X$6:$X$1643,'Piece check'!$B$6:$B$1643,B48) -> 31.960156 | AA48: =SUMIFS('Piece check'!$Y$6:$Y$1643,'Piece check'!$B$6:$B$1643,B48) -> 96.913984 | AB48: =MAX(0,X48+Y48-Z48-AA48) -> 71.245739 | AC48: =(ROUNDUP(O48/PILE_SP,0)+1)*IF(N48>=PILE_THR,PILE_N_LARGE,PILE_N_SMALL) -> 14 | AD48: =2*U48 -> 34.957807 | AE48: =IF(U48>0,ROUNDUP(T48*SHEET_RATIO,0),0) -> 5 | AF48: =AD48*AE48 -> 174.78903 | AG48: =MAX(0,GWL-(R48-DD_BELOW)) -> 2.1584989 | AH48: =IF(AG48=0,"Not required",IF(AG48<=WP_LIMIT,"Single-stage wellpoints","Deep wells or two-stage wellpoints")) -> Single-stage wellpoints | AI48: =MIN(_xlfn.MINIFS('Piece check'!$Z$6:$Z$1643,'Piece check'!$B$6:$B$1643,B48),_xlfn.MINIFS('Piece check'!$AA$6:$AA$1643,'Piece check'!$B$6:$B$1643,B48)) -> 0 | AJ48: =MIN(_xlfn.MINIFS('Piece check'!$AB$6:$AB$1643,'Piece check'!$B$6:$B$1643,B48),_xlfn.MINIFS('Piece check'!$AC$6:$AC$1643,'Piece check'!$B$6:$B$1643,B48)) -> 0.88059022 | AK48: =IF(AJ48<FOS_FLOT,"Anchor pipe to piled slab (permanent straps)",IF(AI48<FOS_FLOT,"Keep dewatering on until fill reaches FL, or strap to slab","No extra measure")) -> Anchor pipe to piled slab (permanent straps) | AL48: =Activities!P469 -> 46470 | AM48: =Activities!Q478 -> 46590 | AN48: 133 | AO48: No drawing level anchor inside the package: levels interpolated between anchors elsewhere (no longitudinal profile). | AP48: One shared excavation and dewatering front with UG-09: lay all pipes before backfill. UG-23 is deeper here: lay and backfill it first. Where shoring is flagged, it is on the side facing the nearest structure or pile (Pieces, Nearest item). | AQ48: excavate after UG-11-S04 backfilled (deeper); excavate after UG-23-S04 backfilled (deeper); excavate after UG-23-S05 backfilled (deeper); shared trench with UG-09-S01: backfill after both laid; shared trench with UG-09-S02: backfill after both laid; shared trench with UG-09-S03: backfill after both laid | AR48: =Activities!P477-Activities!Q475 -> 19 | AS48: =IF(Activities!K472=0,0,Activities!Q478-Activities!P472) -> 67
A49: UG-09 | B49: UG-09-S03 | C49: F3 | D49: GRP-UG09-S03-CH044-CH067-(-3.16/-3.16)-23m | E49: GRP | F49: 28 | G49: Run | I49: 0 | K49: 0 | L49: No | M49: 1 | N49: =_xlfn.MAXIFS('Piece check'!$E$6:$E$1643,'Piece check'!$B$6:$B$1643,B49) -> 2.6569963 | O49: =SUMIFS('Piece check'!$D$6:$D$1643,'Piece check'!$B$6:$B$1643,B49) -> 23.1 | P49: -3.1584982 | Q49: -3.1584982 | R49: =_xlfn.MINIFS('Piece check'!$K$6:$K$1643,'Piece check'!$B$6:$B$1643,B49) -> -3.1584982 | S49: =MAX(0,GWL-R49) -> 1.6584982 | T49: =MAX(0,NG-R49) -> 2.4584982 | U49: =SUMIFS('Piece check'!$R$6:$R$1643,'Piece check'!$B$6:$B$1643,B49) -> 5.9 | V49: =O49-U49 -> 17.2 | W49: =IF(U49<0.05,"Open cut",IF(V49<0.05,"Sheet piles","Mixed: "&TEXT(U49,"0")&" m sheet piles")) -> Mixed: 6 m sheet piles | X49: =SUMIFS('Piece check'!$V$6:$V$1643,'Piece check'!$B$6:$B$1643,B49) -> 67.55038 | Y49: =SUMIFS('Piece check'!$W$6:$W$1643,'Piece check'!$B$6:$B$1643,B49) -> 399.34347 | Z49: =SUMIFS('Piece check'!$X$6:$X$1643,'Piece check'!$B$6:$B$1643,B49) -> 42.238308 | AA49: =SUMIFS('Piece check'!$Y$6:$Y$1643,'Piece check'!$B$6:$B$1643,B49) -> 128.08072 | AB49: =MAX(0,X49+Y49-Z49-AA49) -> 296.57482 | AC49: =(ROUNDUP(O49/PILE_SP,0)+1)*IF(N49>=PILE_THR,PILE_N_LARGE,PILE_N_SMALL) -> 18 | AD49: =2*U49 -> 11.8 | AE49: =IF(U49>0,ROUNDUP(T49*SHEET_RATIO,0),0) -> 5 | AF49: =AD49*AE49 -> 59 | AG49: =MAX(0,GWL-(R49-DD_BELOW)) -> 2.1584982 | AH49: =IF(AG49=0,"Not required",IF(AG49<=WP_LIMIT,"Single-stage wellpoints","Deep wells or two-stage wellpoints")) -> Single-stage wellpoints | AI49: =MIN(_xlfn.MINIFS('Piece check'!$Z$6:$Z$1643,'Piece check'!$B$6:$B$1643,B49),_xlfn.MINIFS('Piece check'!$AA$6:$AA$1643,'Piece check'!$B$6:$B$1643,B49)) -> 0 | AJ49: =MIN(_xlfn.MINIFS('Piece check'!$AB$6:$AB$1643,'Piece check'!$B$6:$B$1643,B49),_xlfn.MINIFS('Piece check'!$AC$6:$AC$1643,'Piece check'!$B$6:$B$1643,B49)) -> 0.88059135 | AK49: =IF(AJ49<FOS_FLOT,"Anchor pipe to piled slab (permanent straps)",IF(AI49<FOS_FLOT,"Keep dewatering on until fill reaches FL, or strap to slab","No extra measure")) -> Anchor pipe to piled slab (permanent straps) | AL49: =Activities!P480 -> 46475 | AM49: =Activities!Q489 -> 46592 | AN49: 134 | AO49: Common holds only (see Read Me). | AP49: One shared excavation and dewatering front with UG-08: lay all pipes before backfill. UG-11, UG-23 is deeper here: lay and backfill it first. Where shoring is flagged, it is on the side facing the nearest structure or pile (Pieces, Nearest item). | AQ49: excavate after UG-11-S04 backfilled (deeper); excavate after UG-11-S05 backfilled (deeper); excavate after UG-23-S03 backfilled (deeper); excavate after UG-23-S04 backfilled (deeper); excavate after UG-23-S05 backfilled (deeper); shared trench with UG-08-S02: start excavation with it; shared trench with UG-08-S03: start excavation with it; shared trench with UG-08-S04: start excavation with it | AR49: =Activities!P488-Activities!Q486 -> 15 | AS49: =IF(Activities!K483=0,0,Activities!Q489-Activities!P483) -> 67
A50: UG-08 | B50: UG-08-S01 | C50: F3 | D50: GRP-UG08-S01-AER-EL021-(-3.17/-3.16)-21m | E50: GRP | F50: 28 | G50: Tie-in | H50: AER | I50: =MAX(Structures!$H$5) -> 0 | K50: 0 | L50: No | M50: 2 | N50: =_xlfn.MAXIFS('Piece check'!$E$6:$E$1643,'Piece check'!$B$6:$B$1643,B50) -> 2.6899934 | O50: =SUMIFS('Piece check'!$D$6:$D$1643,'Piece check'!$B$6:$B$1643,B50) -> 20.521097 | P50: -3.1749967 | Q50: -3.1584989 | R50: =_xlfn.MINIFS('Piece check'!$K$6:$K$1643,'Piece check'!$B$6:$B$1643,B50) -> -3.1749967 | S50: =MAX(0,GWL-R50) -> 1.6749967 | T50: =MAX(0,NG-R50) -> 2.4749967 | U50: =SUMIFS('Piece check'!$R$6:$R$1643,'Piece check'!$B$6:$B$1643,B50) -> 0 | V50: =O50-U50 -> 20.521097 | W50: =IF(U50<0.05,"Open cut",IF(V50<0.05,"Sheet piles","Mixed: "&TEXT(U50,"0")&" m sheet piles")) -> Open cut | X50: =SUMIFS('Piece check'!$V$6:$V$1643,'Piece check'!$B$6:$B$1643,B50) -> 0 | Y50: =SUMIFS('Piece check'!$W$6:$W$1643,'Piece check'!$B$6:$B$1643,B50) -> 482.20944 | Z50: =SUMIFS('Piece check'!$X$6:$X$1643,'Piece check'!$B$6:$B$1643,B50) -> 37.818461 | AA50: =SUMIFS('Piece check'!$Y$6:$Y$1643,'Piece check'!$B$6:$B$1643,B50) -> 116.26505 | AB50: =MAX(0,X50+Y50-Z50-AA50) -> 328.12593 | AC50: =(ROUNDUP(O50/PILE_SP,0)+1)*IF(N50>=PILE_THR,PILE_N_LARGE,PILE_N_SMALL) -> 16 | AD50: =2*U50 -> 0 | AE50: =IF(U50>0,ROUNDUP(T50*SHEET_RATIO,0),0) -> 0 | AF50: =AD50*AE50 -> 0 | AG50: =MAX(0,GWL-(R50-DD_BELOW)) -> 2.1749967 | AH50: =IF(AG50=0,"Not required",IF(AG50<=WP_LIMIT,"Single-stage wellpoints","Deep wells or two-stage wellpoints")) -> Single-stage wellpoints | AI50: =MIN(_xlfn.MINIFS('Piece check'!$Z$6:$Z$1643,'Piece check'!$B$6:$B$1643,B50),_xlfn.MINIFS('Piece check'!$AA$6:$AA$1643,'Piece check'!$B$6:$B$1643,B50)) -> 0 | AJ50: =MIN(_xlfn.MINIFS('Piece check'!$AB$6:$AB$1643,'Piece check'!$B$6:$B$1643,B50),_xlfn.MINIFS('Piece check'!$AC$6:$AC$1643,'Piece check'!$B$6:$B$1643,B50)) -> 0.85546076 | AK50: =IF(AJ50<FOS_FLOT,"Anchor pipe to piled slab (permanent straps)",IF(AI50<FOS_FLOT,"Keep dewatering on until fill reaches FL, or strap to slab","No extra measure")) -> Anchor pipe to piled slab (permanent straps) | AL50: =Activities!P491 -> 46475 | AM50: =Activities!Q500 -> 46590 | AN50: 135 | AO50: Common holds only (see Read Me). | AP50: aeration tank wall and penetration built; its excavation backfilled to pipe zone. Lay as the closure to the structure. One shared excavation and dewatering front with UG-09: lay all pipes before backfill. Where shoring is flagged, it is on the side facing the nearest structure or pile (Pieces, Nearest item). | AQ50: excavate after UG-23-S05 backfilled (deeper); shared trench with UG-09-S01: start excavation with it; shared trench with UG-09-S02: backfill after both laid; closure: lay after UG-08-S02 laid | AR50: =Activities!P499-Activities!Q497 -> 12 | AS50: =IF(Activities!K494=0,0,Activities!Q500-Activities!P494) -> 112
A51: UG-09 | B51: UG-09-S02 | C51: F3 | D51: GRP-UG09-S02-EL024-CH044-(-3.16/-3.16)-20m | E51: GRP | F51: 28 | G51: Run | I51: 0 | K51: 0 | L51: No | M51: 0 | N51: =_xlfn.MAXIFS('Piece check'!$E$6:$E$1643,'Piece check'!$B$6:$B$1643,B51) -> 2.6569963 | O51: =SUMIFS('Piece check'!$D$6:$D$1643,'Piece check'!$B$6:$B$1643,B51) -> 20.237122 | P51: -3.1584982 | Q51: -3.1584982 | R51: =_xlfn.MINIFS('Piece check'!$K$6:$K$1643,'Piece check'!$B$6:$B$1643,B51) -> -3.1584982 | S51: =MAX(0,GWL-R51) -> 1.6584982 | T51: =MAX(0,NG-R51) -> 2.4584982 | U51: =SUMIFS('Piece check'!$R$6:$R$1643,'Piece check'!$B$6:$B$1643,B51) -> 14.1 | V51: =O51-U51 -> 6.1371217 | W51: =IF(U51<0.05,"Open cut",IF(V51<0.05,"Sheet piles","Mixed: "&TEXT(U51,"0")&" m sheet piles")) -> Mixed: 14 m sheet piles | X51: =SUMIFS('Piece check'!$V$6:$V$1643,'Piece check'!$B$6:$B$1643,B51) -> 161.43396 | Y51: =SUMIFS('Piece check'!$W$6:$W$1643,'Piece check'!$B$6:$B$1643,B51) -> 142.4895 | Z51: =SUMIFS('Piece check'!$X$6:$X$1643,'Piece check'!$B$6:$B$1643,B51) -> 37.00354 | AA51: =SUMIFS('Piece check'!$Y$6:$Y$1643,'Piece check'!$B$6:$B$1643,B51) -> 112.20715 | AB51: =MAX(0,X51+Y51-Z51-AA51) -> 154.71277 | AC51: =(ROUNDUP(O51/PILE_SP,0)+1)*IF(N51>=PILE_THR,PILE_N_LARGE,PILE_N_SMALL) -> 16 | AD51: =2*U51 -> 28.2 | AE51: =IF(U51>0,ROUNDUP(T51*SHEET_RATIO,0),0) -> 5 | AF51: =AD51*AE51 -> 141 | AG51: =MAX(0,GWL-(R51-DD_BELOW)) -> 2.1584982 | AH51: =IF(AG51=0,"Not required",IF(AG51<=WP_LIMIT,"Single-stage wellpoints","Deep wells or two-stage wellpoints")) -> Single-stage wellpoints | AI51: =MIN(_xlfn.MINIFS('Piece check'!$Z$6:$Z$1643,'Piece check'!$B$6:$B$1643,B51),_xlfn.MINIFS('Piece check'!$AA$6:$AA$1643,'Piece check'!$B$6:$B$1643,B51)) -> 0 | AJ51: =MIN(_xlfn.MINIFS('Piece check'!$AB$6:$AB$1643,'Piece check'!$B$6:$B$1643,B51),_xlfn.MINIFS('Piece check'!$AC$6:$AC$1643,'Piece check'!$B$6:$B$1643,B51)) -> 0.88059135 | AK51: =IF(AJ51<FOS_FLOT,"Anchor pipe to piled slab (permanent straps)",IF(AI51<FOS_FLOT,"Keep dewatering on until fill reaches FL, or strap to slab","No extra measure")) -> Anchor pipe to piled slab (permanent straps) | AL51: =Activities!P502 -> 46479 | AM51: =Activities!Q511 -> 46594 | AN51: 136 | AO51: No drawing level anchor inside the package: levels interpolated between anchors elsewhere (no longitudinal profile). | AP51: One shared excavation and dewatering front with UG-08: lay all pipes before backfill. UG-23 is deeper here: lay and backfill it first. Where shoring is flagged, it is on the side facing the nearest structure or pile (Pieces, Nearest item). | AQ51: excavate after UG-23-S04 backfilled (deeper); excavate after UG-23-S05 backfilled (deeper); shared trench with UG-08-S01: start excavation with it; shared trench with UG-08-S02: start excavation with it; shared trench with UG-08-S03: start excavation with it | AR51: =Activities!P510-Activities!Q508 -> 11 | AS51: =IF(Activities!K505=0,0,Activities!Q511-Activities!P505) -> 66
A52: UG-09 | B52: UG-09-S01 | C52: F3 | D52: GRP-UG09-S01-AER-EL024-(-3.18/-3.16)-24m | E52: GRP | F52: 28 | G52: Tie-in | H52: AER | I52: =MAX(Structures!$H$5) -> 0 | K52: 0 | L52: No | M52: 2 | N52: =_xlfn.MAXIFS('Piece check'!$E$6:$E$1643,'Piece check'!$B$6:$B$1643,B52) -> 2.6900071 | O52: =SUMIFS('Piece check'!$D$6:$D$1643,'Piece check'!$B$6:$B$1643,B52) -> 23.862878 | P52: -3.1750035 | Q52: -3.1584982 | R52: =_xlfn.MINIFS('Piece check'!$K$6:$K$1643,'Piece check'!$B$6:$B$1643,B52) -> -3.1750035 | S52: =MAX(0,GWL-R52) -> 1.6750035 | T52: =MAX(0,NG-R52) -> 2.4750035 | U52: =SUMIFS('Piece check'!$R$6:$R$1643,'Piece check'!$B$6:$B$1643,B52) -> 0 | V52: =O52-U52 -> 23.862878 | W52: =IF(U52<0.05,"Open cut",IF(V52<0.05,"Sheet piles","Mixed: "&TEXT(U52,"0")&" m sheet piles")) -> Open cut | X52: =SUMIFS('Piece check'!$V$6:$V$1643,'Piece check'!$B$6:$B$1643,B52) -> 0 | Y52: =SUMIFS('Piece check'!$W$6:$W$1643,'Piece check'!$B$6:$B$1643,B52) -> 560.87423 | Z52: =SUMIFS('Piece check'!$X$6:$X$1643,'Piece check'!$B$6:$B$1643,B52) -> 43.984181 | AA52: =SUMIFS('Piece check'!$Y$6:$Y$1643,'Piece check'!$B$6:$B$1643,B52) -> 135.25826 | AB52: =MAX(0,X52+Y52-Z52-AA52) -> 381.6318 | AC52: =(ROUNDUP(O52/PILE_SP,0)+1)*IF(N52>=PILE_THR,PILE_N_LARGE,PILE_N_SMALL) -> 18 | AD52: =2*U52 -> 0 | AE52: =IF(U52>0,ROUNDUP(T52*SHEET_RATIO,0),0) -> 0 | AF52: =AD52*AE52 -> 0 | AG52: =MAX(0,GWL-(R52-DD_BELOW)) -> 2.1750035 | AH52: =IF(AG52=0,"Not required",IF(AG52<=WP_LIMIT,"Single-stage wellpoints","Deep wells or two-stage wellpoints")) -> Single-stage wellpoints | AI52: =MIN(_xlfn.MINIFS('Piece check'!$Z$6:$Z$1643,'Piece check'!$B$6:$B$1643,B52),_xlfn.MINIFS('Piece check'!$AA$6:$AA$1643,'Piece check'!$B$6:$B$1643,B52)) -> 0 | AJ52: =MIN(_xlfn.MINIFS('Piece check'!$AB$6:$AB$1643,'Piece check'!$B$6:$B$1643,B52),_xlfn.MINIFS('Piece check'!$AC$6:$AC$1643,'Piece check'!$B$6:$B$1643,B52)) -> 0.85545047 | AK52: =IF(AJ52<FOS_FLOT,"Anchor pipe to piled slab (permanent straps)",IF(AI52<FOS_FLOT,"Keep dewatering on until fill reaches FL, or strap to slab","No extra measure")) -> Anchor pipe to piled slab (permanent straps) | AL52: =Activities!P513 -> 46484 | AM52: =Activities!Q522 -> 46592 | AN52: 137 | AO52: Common holds only (see Read Me). | AP52: aeration tank wall and penetration built; its excavation backfilled to pipe zone. Lay as the closure to the structure. One shared excavation and dewatering front with UG-08: lay all pipes before backfill. Where shoring is flagged, it is on the side facing the nearest structure or pile (Pieces, Nearest item). | AQ52: excavate after UG-23-S05 backfilled (deeper); shared trench with UG-08-S01: backfill after both laid; shared trench with UG-08-S02: start excavation with it; closure: lay after UG-09-S02 laid | AR52: =Activities!P521-Activities!Q519 -> -2 | AS52: =IF(Activities!K516=0,0,Activities!Q522-Activities!P516) -> 105
A53: UG-08 | B53: UG-08-S07 | C53: F3 | D53: GRP-UG08-S07-CH277-SDCC-(-4.99/-4.99)-6m | E53: GRP | F53: 28 | G53: Tie-in | H53: SDCC | I53: =MAX(Structures!$H$26) -> 0 | K53: 0 | L53: No | M53: 0 | N53: =_xlfn.MAXIFS('Piece check'!$E$6:$E$1643,'Piece check'!$B$6:$B$1643,B53) -> 2.6569993 | O53: =SUMIFS('Piece check'!$D$6:$D$1643,'Piece check'!$B$6:$B$1643,B53) -> 5.9999413 | P53: -4.9884996 | Q53: -4.988497 | R53: =_xlfn.MINIFS('Piece check'!$K$6:$K$1643,'Piece check'!$B$6:$B$1643,B53) -> -4.9884996 | S53: =MAX(0,GWL-R53) -> 3.4884996 | T53: =MAX(0,NG-R53) -> 4.2884996 | U53: =SUMIFS('Piece check'!$R$6:$R$1643,'Piece check'!$B$6:$B$1643,B53) -> 5.9999413 | V53: =O53-U53 -> 0 | W53: =IF(U53<0.05,"Open cut",IF(V53<0.05,"Sheet piles","Mixed: "&TEXT(U53,"0")&" m sheet piles")) -> Sheet piles | X53: =SUMIFS('Piece check'!$V$6:$V$1643,'Piece check'!$B$6:$B$1643,B53) -> 119.82798 | Y53: =SUMIFS('Piece check'!$W$6:$W$1643,'Piece check'!$B$6:$B$1643,B53) -> 0 | Z53: =SUMIFS('Piece check'!$X$6:$X$1643,'Piece check'!$B$6:$B$1643,B53) -> 10.970884 | AA53: =SUMIFS('Piece check'!$Y$6:$Y$1643,'Piece check'!$B$6:$B$1643,B53) -> 33.267414 | AB53: =MAX(0,X53+Y53-Z53-AA53) -> 75.589682 | AC53: =(ROUNDUP(O53/PILE_SP,0)+1)*IF(N53>=PILE_THR,PILE_N_LARGE,PILE_N_SMALL) -> 6 | AD53: =2*U53 -> 11.999883 | AE53: =IF(U53>0,ROUNDUP(T53*SHEET_RATIO,0),0) -> 9 | AF53: =AD53*AE53 -> 107.99894 | AG53: =MAX(0,GWL-(R53-DD_BELOW)) -> 3.9884996 | AH53: =IF(AG53=0,"Not required",IF(AG53<=WP_LIMIT,"Single-stage wellpoints","Deep wells or two-stage wellpoints")) -> Single-stage wellpoints | AI53: =MIN(_xlfn.MINIFS('Piece check'!$Z$6:$Z$1643,'Piece check'!$B$6:$B$1643,B53),_xlfn.MINIFS('Piece check'!$AA$6:$AA$1643,'Piece check'!$B$6:$B$1643,B53)) -> 0.83603851 | AJ53: =MIN(_xlfn.MINIFS('Piece check'!$AB$6:$AB$1643,'Piece check'!$B$6:$B$1643,B53),_xlfn.MINIFS('Piece check'!$AC$6:$AC$1643,'Piece check'!$B$6:$B$1643,B53)) -> 2.3307973 | AK53: =IF(AJ53<FOS_FLOT,"Anchor pipe to piled slab (permanent straps)",IF(AI53<FOS_FLOT,"Keep dewatering on until fill reaches FL, or strap to slab","No extra measure")) -> Keep dewatering on until fill reaches FL, or strap to slab | AL53: =Activities!P524 -> 46392 | AM53: =Activities!Q533 -> 46468 | AN53: 138 | AO53: No drawing level anchor inside the package: levels interpolated between anchors elsewhere (no longitudinal profile). | AP53: secondary distribution chamber C wall and penetration built; its excavation backfilled to pipe zone. Lay as the closure to the structure. Where shoring is flagged, it is on the side facing the nearest structure or pile (Pieces, Nearest item). | AQ53: deeper than UG-27K-S01: complete first; deeper than UG-27L-S01: complete first; closure: lay after UG-08-S06 laid | AR53: =Activities!P532-Activities!Q530 -> -1 | AS53: =IF(Activities!K527=0,0,Activities!Q533-Activities!P527) -> 73
A54: UG-13A | B54: UG-13A-S13 | C54: F3 | D54: HDPE-UG13A-S13-FSTK-EL030-(-4.10/-4.10)-30m | E54: HDPE | F54: 28 | G54: Tie-in | H54: FSTK | I54: =MAX(Structures!$H$17) -> 0 | K54: 0 | L54: No | M54: 2 | N54: =_xlfn.MAXIFS('Piece check'!$E$6:$E$1643,'Piece check'!$B$6:$B$1643,B54) -> 0.99999841 | O54: =SUMIFS('Piece check'!$D$6:$D$1643,'Piece check'!$B$6:$B$1643,B54) -> 30.366546 | P54: -4.0999992 | Q54: -4.0999956 | R54: =_xlfn.MINIFS('Piece check'!$K$6:$K$1643,'Piece check'!$B$6:$B$1643,B54) -> -4.0999992 | S54: =MAX(0,GWL-R54) -> 2.5999992 | T54: =MAX(0,NG-R54) -> 3.3999992 | U54: =SUMIFS('Piece check'!$R$6:$R$1643,'Piece check'!$B$6:$B$1643,B54) -> 30.366546 | V54: =O54-U54 -> 0 | W54: =IF(U54<0.05,"Open cut",IF(V54<0.05,"Sheet piles","Mixed: "&TEXT(U54,"0")&" m sheet piles")) -> Sheet piles | X54: =SUMIFS('Piece check'!$V$6:$V$1643,'Piece check'!$B$6:$B$1643,B54) -> 309.73852 | Y54: =SUMIFS('Piece check'!$W$6:$W$1643,'Piece check'!$B$6:$B$1643,B54) -> 0 | Z54: =SUMIFS('Piece check'!$X$6:$X$1643,'Piece check'!$B$6:$B$1643,B54) -> 30.366521 | AA54: =SUMIFS('Piece check'!$Y$6:$Y$1643,'Piece check'!$B$6:$B$1643,B54) -> 23.84975 | AB54: =MAX(0,X54+Y54-Z54-AA54) -> 255.52225 | AC54: =(ROUNDUP(O54/PILE_SP,0)+1)*IF(N54>=PILE_THR,PILE_N_LARGE,PILE_N_SMALL) -> 12 | AD54: =2*U54 -> 60.733093 | AE54: =IF(U54>0,ROUNDUP(T54*SHEET_RATIO,0),0) -> 7 | AF54: =AD54*AE54 -> 425.13165 | AG54: =MAX(0,GWL-(R54-DD_BELOW)) -> 3.0999992 | AH54: =IF(AG54=0,"Not required",IF(AG54<=WP_LIMIT,"Single-stage wellpoints","Deep wells or two-stage wellpoints")) -> Single-stage wellpoints | AI54: =MIN(_xlfn.MINIFS('Piece check'!$Z$6:$Z$1643,'Piece check'!$B$6:$B$1643,B54),_xlfn.MINIFS('Piece check'!$AA$6:$AA$1643,'Piece check'!$B$6:$B$1643,B54)) -> 3.0382589 | AJ54: =MIN(_xlfn.MINIFS('Piece check'!$AB$6:$AB$1643,'Piece check'!$B$6:$B$1643,B54),_xlfn.MINIFS('Piece check'!$AC$6:$AC$1643,'Piece check'!$B$6:$B$1643,B54)) -> 7.0098381 | AK54: =IF(AJ54<FOS_FLOT,"Anchor pipe to piled slab (permanent straps)",IF(AI54<FOS_FLOT,"Keep dewatering on until fill reaches FL, or strap to slab","No extra measure")) -> No extra measure | AL54: =Activities!P535 -> 46483 | AM54: =Activities!Q544 -> 46592 | AN54: 139 | AO54: No drawing level anchor inside the package: levels interpolated between anchors elsewhere (no longitudinal profile). R009: 36 recorded tank interfaces: 13 nominal agreements and 23 model/guide vertical differences. Most pipe values are interpolated at openings. R010: Local FCT outlet branches have approximately 1.20 m CAD envelopes and sludge branches approximately 1.00 m, versus larger scheduled trunk sizes. UG-12A is printed DN1600, not OD1600. | AP54: FST K wall and penetration built; its excavation backfilled to pipe zone. Lay as the closure to the structure. Where shoring is flagged, it is on the side facing the nearest structure or pile (Pieces, Nearest item). | AQ54: shared trench with UG-27K-S01: backfill after both laid; closure: lay after UG-13A-S14 laid; built by F3 (shared corridor; line system front F7) | AR54: =Activities!P543-Activities!Q541 -> -2 | AS54: =IF(Activities!K538=0,0,Activities!Q544-Activities!P538) -> 104
A55: UG-27K | B55: UG-27K-S01 | C55: F3 | D55: HDPE-UG27K-S01-SDCC-FSTK-(0.79/-4.00)-38m | E55: HDPE | F55: 28 | G55: Short connection | H55: SDCC, FSTK | I55: =MAX(Structures!$H$26,Structures!$H$17) -> 0 | K55: 0 | L55: No | M55: 8 | N55: =_xlfn.MAXIFS('Piece check'!$E$6:$E$1643,'Piece check'!$B$6:$B$1643,B55) -> 1.6000063 | O55: =SUMIFS('Piece check'!$D$6:$D$1643,'Piece check'!$B$6:$B$1643,B55) -> 37.724367 | P55: 0.79000012 | Q55: -4.0000012 | R55: =_xlfn.MINIFS('Piece check'!$K$6:$K$1643,'Piece check'!$B$6:$B$1643,B55) -> -4.0000012 | S55: =MAX(0,GWL-R55) -> 2.5000012 | T55: =MAX(0,NG-R55) -> 3.3000012 | U55: =SUMIFS('Piece check'!$R$6:$R$1643,'Piece check'!$B$6:$B$1643,B55) -> 27.724367 | V55: =O55-U55 -> 10 | W55: =IF(U55<0.05,"Open cut",IF(V55<0.05,"Sheet piles","Mixed: "&TEXT(U55,"0")&" m sheet piles")) -> Mixed: 28 m sheet piles | X55: =SUMIFS('Piece check'!$V$6:$V$1643,'Piece check'!$B$6:$B$1643,B55) -> 329.28309 | Y55: =SUMIFS('Piece check'!$W$6:$W$1643,'Piece check'!$B$6:$B$1643,B55) -> 61.646189 | Z55: =SUMIFS('Piece check'!$X$6:$X$1643,'Piece check'!$B$6:$B$1643,B55) -> 45.031468 | AA55: =SUMIFS('Piece check'!$Y$6:$Y$1643,'Piece check'!$B$6:$B$1643,B55) -> 69.647208 | AB55: =MAX(0,X55+Y55-Z55-AA55) -> 276.2506 | AC55: =(ROUNDUP(O55/PILE_SP,0)+1)*IF(N55>=PILE_THR,PILE_N_LARGE,PILE_N_SMALL) -> 28 | AD55: =2*U55 -> 55.448735 | AE55: =IF(U55>0,ROUNDUP(T55*SHEET_RATIO,0),0) -> 7 | AF55: =AD55*AE55 -> 388.14114 | AG55: =MAX(0,GWL-(R55-DD_BELOW)) -> 3.0000012 | AH55: =IF(AG55=0,"Not required",IF(AG55<=WP_LIMIT,"Single-stage wellpoints","Deep wells or two-stage wellpoints")) -> Single-stage wellpoints | AI55: =MIN(_xlfn.MINIFS('Piece check'!$Z$6:$Z$1643,'Piece check'!$B$6:$B$1643,B55),_xlfn.MINIFS('Piece check'!$AA$6:$AA$1643,'Piece check'!$B$6:$B$1643,B55)) -> 0.38437501 | AJ55: =MIN(_xlfn.MINIFS('Piece check'!$AB$6:$AB$1643,'Piece check'!$B$6:$B$1643,B55),_xlfn.MINIFS('Piece check'!$AC$6:$AC$1643,'Piece check'!$B$6:$B$1643,B55)) -> 2.8665983 | AK55: =IF(AJ55<FOS_FLOT,"Anchor pipe to piled slab (permanent straps)",IF(AI55<FOS_FLOT,"Keep dewatering on until fill reaches FL, or strap to slab","No extra measure")) -> Keep dewatering on until fill reaches FL, or strap to slab | AL55: =Activities!P546 -> 46357 | AM55: =Activities!Q555 -> 46591 | AN55: 140 | AO55: R009: 36 recorded tank interfaces: 13 nominal agreements and 23 model/guide vertical differences. Most pipe values are interpolated at openings. R057: 11 native short-fitting objects have all 24 mesh vertices coincident. Their embedded source centreline still has 0.584683786 m of represented 3D length. | AP55: Both connected structures (secondary distribution chamber C, FST K) built with their wall penetrations; lay between them. Where shoring is flagged, it is on the side facing the nearest structure or pile (Pieces, Nearest item). | AQ55: excavate after UG-08-S07 backfilled (deeper); shared trench with UG-13A-S13: start excavation with it | AR55: =Activities!P554-Activities!Q552 -> 73 | AS55: =IF(Activities!K549=0,0,Activities!Q555-Activities!P549) -> 228
A56: UG-09 | B56: UG-09-S08 | C56: F3 | D56: GRP-UG09-S08-CH282-SDCB-(-4.98/-4.98)-6m | E56: GRP | F56: 28 | G56: Tie-in | H56: SDCB | I56: =MAX(Structures!$H$25) -> 0 | K56: 0 | L56: No | M56: 0 | N56: =_xlfn.MAXIFS('Piece check'!$E$6:$E$1643,'Piece check'!$B$6:$B$1643,B56) -> 2.656994 | O56: =SUMIFS('Piece check'!$D$6:$D$1643,'Piece check'!$B$6:$B$1643,B56) -> 5.9999773 | P56: -4.978497 | Q56: -4.978497 | R56: =_xlfn.MINIFS('Piece check'!$K$6:$K$1643,'Piece check'!$B$6:$B$1643,B56) -> -4.978497 | S56: =MAX(0,GWL-R56) -> 3.478497 | T56: =MAX(0,NG-R56) -> 4.278497 | U56: =SUMIFS('Piece check'!$R$6:$R$1643,'Piece check'!$B$6:$B$1643,B56) -> 5.9999773 | V56: =O56-U56 -> 0 | W56: =IF(U56<0.05,"Open cut",IF(V56<0.05,"Sheet piles","Mixed: "&TEXT(U56,"0")&" m sheet piles")) -> Sheet piles | X56: =SUMIFS('Piece check'!$V$6:$V$1643,'Piece check'!$B$6:$B$1643,B56) -> 119.54916 | Y56: =SUMIFS('Piece check'!$W$6:$W$1643,'Piece check'!$B$6:$B$1643,B56) -> 0 | Z56: =SUMIFS('Piece check'!$X$6:$X$1643,'Piece check'!$B$6:$B$1643,B56) -> 10.970941 | AA56: =SUMIFS('Piece check'!$Y$6:$Y$1643,'Piece check'!$B$6:$B$1643,B56) -> 33.267537 | AB56: =MAX(0,X56+Y56-Z56-AA56) -> 75.31068 | AC56: =(ROUNDUP(O56/PILE_SP,0)+1)*IF(N56>=PILE_THR,PILE_N_LARGE,PILE_N_SMALL) -> 6 | AD56: =2*U56 -> 11.999955 | AE56: =IF(U56>0,ROUNDUP(T56*SHEET_RATIO,0),0) -> 9 | AF56: =AD56*AE56 -> 107.99959 | AG56: =MAX(0,GWL-(R56-DD_BELOW)) -> 3.978497 | AH56: =IF(AG56=0,"Not required",IF(AG56<=WP_LIMIT,"Single-stage wellpoints","Deep wells or two-stage wellpoints")) -> Single-stage wellpoints | AI56: =MIN(_xlfn.MINIFS('Piece check'!$Z$6:$Z$1643,'Piece check'!$B$6:$B$1643,B56),_xlfn.MINIFS('Piece check'!$AA$6:$AA$1643,'Piece check'!$B$6:$B$1643,B56)) -> 0.83204051 | AJ56: =MIN(_xlfn.MINIFS('Piece check'!$AB$6:$AB$1643,'Piece check'!$B$6:$B$1643,B56),_xlfn.MINIFS('Piece check'!$AC$6:$AC$1643,'Piece check'!$B$6:$B$1643,B56)) -> 2.3268022 | AK56: =IF(AJ56<FOS_FLOT,"Anchor pipe to piled slab (permanent straps)",IF(AI56<FOS_FLOT,"Keep dewatering on until fill reaches FL, or strap to slab","No extra measure")) -> Keep dewatering on until fill reaches FL, or strap to slab | AL56: =Activities!P557 -> 46402 | AM56: =Activities!Q566 -> 46478 | AN56: 141 | AO56: No drawing level anchor inside the package: levels interpolated between anchors elsewhere (no longitudinal profile). | AP56: secondary distribution chamber B wall and penetration built; its excavation backfilled to pipe zone. Lay as the closure to the structure. Where shoring is flagged, it is on the side facing the nearest structure or pile (Pieces, Nearest item). | AQ56: deeper than UG-14E-S01: complete first; deeper than UG-14F-S01: complete first; closure: lay after UG-09-S07 laid | AR56: =Activities!P565-Activities!Q563 -> -1 | AS56: =IF(Activities!K560=0,0,Activities!Q566-Activities!P560) -> 73
A57: UG-13B | B57: UG-13B-S01 | C57: F3 | D57: HDPE-UG13B-S01-FSTE-EL031-(-4.10/-4.10)-31m | E57: HDPE | F57: 28 | G57: Tie-in | H57: FSTE | I57: =MAX(Structures!$H$11) -> 0 | K57: 0 | L57: No | M57: 2 | N57: =_xlfn.MAXIFS('Piece check'!$E$6:$E$1643,'Piece check'!$B$6:$B$1643,B57) -> 1.0000027 | O57: =SUMIFS('Piece check'!$D$6:$D$1643,'Piece check'!$B$6:$B$1643,B57) -> 30.743176 | P57: -4.0999972 | Q57: -4.1000014 | R57: =_xlfn.MINIFS('Piece check'!$K$6:$K$1643,'Piece check'!$B$6:$B$1643,B57) -> -4.1000014 | S57: =MAX(0,GWL-R57) -> 2.6000014 | T57: =MAX(0,NG-R57) -> 3.4000014 | U57: =SUMIFS('Piece check'!$R$6:$R$1643,'Piece check'!$B$6:$B$1643,B57) -> 30.743176 | V57: =O57-U57 -> 0 | W57: =IF(U57<0.05,"Open cut",IF(V57<0.05,"Sheet piles","Mixed: "&TEXT(U57,"0")&" m sheet piles")) -> Sheet piles | X57: =SUMIFS('Piece check'!$V$6:$V$1643,'Piece check'!$B$6:$B$1643,B57) -> 313.57957 | Y57: =SUMIFS('Piece check'!$W$6:$W$1643,'Piece check'!$B$6:$B$1643,B57) -> 0 | Z57: =SUMIFS('Piece check'!$X$6:$X$1643,'Piece check'!$B$6:$B$1643,B57) -> 30.743092 | AA57: =SUMIFS('Piece check'!$Y$6:$Y$1643,'Piece check'!$B$6:$B$1643,B57) -> 24.145369 | AB57: =MAX(0,X57+Y57-Z57-AA57) -> 258.69111 | AC57: =(ROUNDUP(O57/PILE_SP,0)+1)*IF(N57>=PILE_THR,PILE_N_LARGE,PILE_N_SMALL) -> 24 | AD57: =2*U57 -> 61.486352 | AE57: =IF(U57>0,ROUNDUP(T57*SHEET_RATIO,0),0) -> 7 | AF57: =AD57*AE57 -> 430.40446 | AG57: =MAX(0,GWL-(R57-DD_BELOW)) -> 3.1000014 | AH57: =IF(AG57=0,"Not required",IF(AG57<=WP_LIMIT,"Single-stage wellpoints","Deep wells or two-stage wellpoints")) -> Single-stage wellpoints | AI57: =MIN(_xlfn.MINIFS('Piece check'!$Z$6:$Z$1643,'Piece check'!$B$6:$B$1643,B57),_xlfn.MINIFS('Piece check'!$AA$6:$AA$1643,'Piece check'!$B$6:$B$1643,B57)) -> 3.0382436 | AJ57: =MIN(_xlfn.MINIFS('Piece check'!$AB$6:$AB$1643,'Piece check'!$B$6:$B$1643,B57),_xlfn.MINIFS('Piece check'!$AC$6:$AC$1643,'Piece check'!$B$6:$B$1643,B57)) -> 7.0098057 | AK57: =IF(AJ57<FOS_FLOT,"Anchor pipe to piled slab (permanent straps)",IF(AI57<FOS_FLOT,"Keep dewatering on until fill reaches FL, or strap to slab","No extra measure")) -> No extra measure | AL57: =Activities!P568 -> 46446 | AM57: =Activities!Q577 -> 46539 | AN57: 142 | AO57: R009: 36 recorded tank interfaces: 13 nominal agreements and 23 model/guide vertical differences. Most pipe values are interpolated at openings. R010: Local FCT outlet branches have approximately 1.20 m CAD envelopes and sludge branches approximately 1.00 m, versus larger scheduled trunk sizes. UG-12A is printed DN1600, not OD1600. | AP57: FST E wall and penetration built; its excavation backfilled to pipe zone. Lay as the closure to the structure. Where shoring is flagged, it is on the side facing the nearest structure or pile (Pieces, Nearest item). | AQ57: shared trench with UG-14E-S01: backfill after both laid; closure: lay after UG-13B-S02 laid; built by F3 (shared corridor; line system front F7) | AR57: =Activities!P576-Activities!Q574 -> -2 | AS57: =IF(Activities!K571=0,0,Activities!Q577-Activities!P571) -> 88
